image_id,pokemon_id,x_center,y_center,width,height
img_00100.png,2,487.3577575683594,237.76995849609375,156.21563720703125,147.85565185546875
img_00100.png,1,549.335205078125,57.00114059448242,94.08615112304688,92.84711456298828
img_00100.png,2,309.24090576171875,115.44662475585938,115.60755920410156,145.09402465820312
img_00100.png,2,129.29861450195312,375.7641906738281,124.20415496826172,142.59552001953125
img_00100.png,1,142.77392578125,161.15061950683594,59.44574737548828,60.337188720703125
img_00100.png,3,362.8358154296875,394.1732177734375,64.8822021484375,69.3607177734375
img_00100.png,2,38.151756286621094,170.91650390625,27.4813232421875,26.4290771484375
img_00084.png,0,578.655517578125,226.42330932617188,119.189697265625,142.801513671875
img_00084.png,0,404.2650146484375,222.65029907226562,76.437744140625,77.95611572265625
img_00084.png,2,77.66009521484375,141.04248046875,120.07064819335938,118.29754638671875
img_00084.png,2,215.09881591796875,86.4802474975586,111.15435791015625,119.97700500488281
img_00084.png,0,244.02134704589844,305.969970703125,53.132781982421875,58.97509765625
img_00084.png,0,84.29841613769531,263.66839599609375,43.88663101196289,48.19708251953125
img_00084.png,2,349.38433837890625,381.2796630859375,30.8326416015625,29.3343505859375
img_00084.png,2,571.1614990234375,370.77239990234375,30.734375,29.7135009765625
img_00084.png,0,478.0732727050781,74.47634887695312,30.1781005859375,36.9044189453125
img_00046.png,1,550.5289916992188,408.5914001464844,135.841552734375,110.79486083984375
img_00046.png,0,395.35986328125,109.27622985839844,59.3111572265625,62.518310546875
img_00046.png,1,339.4526062011719,397.85015869140625,87.16082763671875,97.43603515625
img_00046.png,1,318.9605712890625,241.27638244628906,62.15814208984375,60.283599853515625
img_00046.png,0,499.66009521484375,245.43629455566406,33.4046630859375,40.986724853515625
img_00046.png,0,131.18814086914062,281.19097900390625,213.69854736328125,290.698486328125
img_00105.png,1,108.85966491699219,301.5999755859375,128.177978515625,107.93922424316406
img_00105.png,1,584.294189453125,77.5268783569336,87.606689453125,94.25367736816406
img_00105.png,1,103.24526977539062,145.87289428710938,73.1734619140625,73.27275848388672
img_00105.png,0,429.7937316894531,57.1539306640625,35.50836181640625,35.20933532714844
img_00105.png,0,516.8447265625,303.4447326660156,29.405303955078125,35.4456787109375
img_00105.png,1,335.90673828125,281.7874755859375,161.34222412109375,179.85704040527344
img_00067.png,0,351.0194091796875,352.5034484863281,128.9051513671875,189.677734375
img_00067.png,3,491.80731201171875,139.55003356933594,143.070068359375,119.66586303710938
img_00067.png,0,136.04417419433594,314.4745178222656,56.110198974609375,67.11004638671875
img_00067.png,1,481.68560791015625,354.3392028808594,55.812255859375,56.49578857421875
img_00067.png,0,583.4039916992188,301.9608154296875,45.637451171875,48.676513671875
img_00067.png,1,253.67660522460938,122.62449645996094,299.70745849609375,193.992431640625
img_00122.png,1,536.1065063476562,342.05657958984375,136.6541748046875,96.50799560546875
img_00122.png,1,281.15887451171875,338.5673522949219,81.55126953125,85.85064697265625
img_00122.png,1,96.58805847167969,335.6636962890625,72.300048828125,72.3839111328125
img_00122.png,0,517.2723388671875,135.05447387695312,40.971405029296875,52.8360595703125
img_00122.png,0,401.423583984375,350.36474609375,36.283935546875,46.739013671875
img_00122.png,1,178.00645446777344,164.0071563720703,329.7060852050781,229.50003051757812
img_00048.png,0,446.81103515625,204.43228149414062,249.0706787109375,266.86749267578125
img_00048.png,0,156.62449645996094,275.63702392578125,33.146942138671875,42.68055725097656
img_00048.png,0,112.40664672851562,376.56500244140625,34.646087646484375,33.27392578125
img_00048.png,3,108.22559356689453,150.5463104248047,71.10173034667969,79.08084106445312
img_00096.png,2,498.40814208984375,361.14886474609375,187.38671875,185.73095703125
img_00096.png,0,488.90203857421875,157.06077575683594,142.0391845703125,199.12826538085938
img_00096.png,2,79.19761657714844,48.96112823486328,24.605133056640625,23.185394287109375
img_00096.png,2,174.82078552246094,277.88812255859375,324.0655822753906,349.7393798828125
img_00161.png,1,552.3660278320312,48.47096633911133,122.298828125,82.0915756225586
img_00161.png,2,79.51725006103516,162.8345184326172,118.11848449707031,117.76025390625
img_00161.png,3,547.9598999023438,342.0816650390625,137.1800537109375,142.1558837890625
img_00161.png,1,551.8932495117188,156.64291381835938,59.7142333984375,63.393707275390625
img_00161.png,2,41.62288284301758,267.864501953125,26.36182403564453,24.414932250976562
img_00161.png,2,119.75605773925781,353.25616455078125,33.8367919921875,32.26708984375
img_00160.png,1,478.27581787109375,155.53421020507812,209.8580322265625,197.7362060546875
img_00160.png,1,295.85076904296875,412.9962158203125,90.92588806152344,87.3304443359375
img_00160.png,3,450.6788330078125,344.164794921875,143.6832275390625,120.494873046875
img_00160.png,3,141.98464965820312,415.84222412109375,66.20435333251953,67.1121826171875
img_00160.png,2,588.7327880859375,380.63031005859375,31.373291015625,29.67083740234375
img_00160.png,2,169.06515502929688,196.6178741455078,304.60479736328125,283.4847106933594
img_00193.png,2,449.6685791015625,313.39312744140625,134.3653564453125,147.61131286621094
img_00193.png,2,544.1251831054688,118.38970947265625,121.536865234375,127.37002563476562
img_00193.png,3,415.0671081542969,124.9011001586914,77.39605712890625,95.42124938964844
img_00193.png,3,213.00686645507812,426.6485595703125,51.24322509765625,52.556640625
img_00193.png,2,160.56512451171875,169.4130859375,91.00188446044922,81.27569580078125
img_00193.png,0,113.46910095214844,419.72296142578125,38.70318603515625,51.278076171875
img_00193.png,0,591.77099609375,282.4078369140625,30.41845703125,33.579345703125
img_00193.png,0,322.2998046875,361.7852783203125,32.048095703125,41.5548095703125
img_00193.png,0,594.5404663085938,400.63037109375,28.43896484375,33.193603515625
img_00033.png,3,200.8143310546875,118.49583435058594,173.356201171875,150.09695434570312
img_00033.png,1,571.8734130859375,368.886962890625,131.332763671875,120.26611328125
img_00033.png,1,486.27532958984375,146.6219482421875,136.0618896484375,110.7318115234375
img_00033.png,0,129.31170654296875,352.6605224609375,108.67324829101562,111.99945068359375
img_00033.png,0,364.90875244140625,321.03759765625,88.4227294921875,89.27044677734375
img_00126.png,2,463.0330810546875,343.8792724609375,68.7021484375,73.9097900390625
img_00126.png,1,101.64411926269531,409.4920654296875,116.31082153320312,77.7550048828125
img_00126.png,2,558.1839599609375,136.4210205078125,91.985107421875,117.98400115966797
img_00126.png,2,193.2953338623047,218.5435791015625,252.34963989257812,260.416748046875
img_00126.png,1,214.45567321777344,438.41015625,58.786773681640625,60.5787353515625
img_00126.png,1,299.62200927734375,418.2039794921875,52.241455078125,53.3714599609375
img_00126.png,2,447.680908203125,83.49789428710938,34.0289306640625,33.190399169921875
img_00051.png,0,400.74066162109375,236.62066650390625,177.921630859375,179.83935546875
img_00051.png,0,112.58808898925781,317.7808837890625,154.04122924804688,148.17759704589844
img_00051.png,0,157.25628662109375,131.1016082763672,117.10643768310547,157.53958129882812
img_00051.png,0,473.6745910644531,63.66484832763672,86.83843994140625,111.92155456542969
img_00051.png,0,579.85400390625,264.0426025390625,30.596435546875,31.70989990234375
img_00051.png,0,296.6033935546875,40.12963104248047,27.6251220703125,32.50669860839844
img_00171.png,2,179.58740234375,256.26812744140625,154.2059326171875,142.16944885253906
img_00171.png,2,444.3822021484375,127.1640625,53.28009033203125,47.42138671875
img_00171.png,2,431.9442443847656,330.4100341796875,99.08734130859375,113.744873046875
img_00171.png,0,120.35725402832031,393.3548889160156,118.18533325195312,120.82232666015625
img_00171.png,3,169.61300659179688,103.59343719482422,127.641357421875,114.35975646972656
img_00050.png,0,519.2866821289062,208.0280303955078,121.4747314453125,142.70693969726562
img_00050.png,1,353.1460876464844,239.21934509277344,123.22357177734375,132.85482788085938
img_00050.png,1,154.27749633789062,81.36880493164062,173.837646484375,139.86282348632812
img_00050.png,0,139.4505615234375,315.9405517578125,93.0782470703125,103.16455078125
img_00050.png,1,578.4652709960938,379.15655517578125,83.582763671875,81.1318359375
img_00050.png,0,400.25506591796875,74.67555236816406,35.2396240234375,44.409122467041016
img_00035.png,2,133.3020782470703,152.51104736328125,131.4727783203125,166.44830322265625
img_00035.png,1,134.12557983398438,362.23199462890625,149.406982421875,141.3992919921875
img_00035.png,2,427.37298583984375,246.54974365234375,281.1702880859375,322.4364013671875
img_00069.png,1,316.2731018066406,193.011962890625,153.98345947265625,171.86944580078125
img_00069.png,3,461.25299072265625,396.8263244628906,131.3582763671875,143.55438232421875
img_00069.png,3,104.25186920166016,338.0836181640625,136.8175506591797,129.8759765625
img_00069.png,1,89.4710693359375,163.83773803710938,142.34661865234375,91.53754425048828
img_00069.png,1,575.807861328125,414.76263427734375,53.33642578125,53.66802978515625
img_00114.png,3,461.6827392578125,155.25161743164062,173.643310546875,160.26364135742188
img_00114.png,3,152.6112823486328,173.09120178222656,169.44711303710938,193.66983032226562
img_00114.png,3,385.337158203125,360.8923645019531,53.83154296875,56.89788818359375
img_00114.png,2,518.772216796875,391.74237060546875,138.38668823242188,141.1556396484375
img_00114.png,3,239.899169921875,378.64739990234375,78.11505126953125,97.69183349609375
img_00182.png,1,436.7195129394531,406.3292236328125,88.40875244140625,92.730712890625
img_00182.png,1,441.6290283203125,126.85560607910156,164.7701416015625,155.93118286132812
img_00182.png,1,570.8236694335938,317.8046569824219,127.6104736328125,87.86370849609375
img_00182.png,1,162.33065795898438,246.04710388183594,65.01861572265625,62.155242919921875
img_00182.png,1,153.61383056640625,413.7844543457031,52.93262481689453,54.106689453125
img_00182.png,1,584.7625732421875,137.58169555664062,51.18603515625,52.0838623046875
img_00182.png,0,255.55584716796875,120.3780517578125,57.40472412109375,69.93789672851562
img_00182.png,0,277.0072021484375,297.42523193359375,38.6190185546875,42.3077392578125
img_00182.png,0,109.29789733886719,54.87171936035156,38.039886474609375,41.13938903808594
img_00101.png,1,188.350341796875,360.47119140625,193.0562744140625,159.0582275390625
img_00101.png,0,167.79049682617188,159.8597869873047,104.55145263671875,125.18911743164062
img_00101.png,0,574.183349609375,93.8433837890625,104.721923828125,150.4774169921875
img_00101.png,0,451.4398193359375,289.0603942871094,182.0078125,185.06866455078125
img_00101.png,0,284.1773681640625,197.0494384765625,30.5579833984375,32.5054931640625
img_00101.png,0,323.7443542480469,88.16921997070312,29.16693115234375,36.857666015625
img_00101.png,0,240.72415161132812,34.06368637084961,28.7196044921875,37.123512268066406
img_00181.png,2,373.6824645996094,370.83575439453125,127.85064697265625,136.71978759765625
img_00181.png,1,555.614990234375,369.7071228027344,130.079833984375,105.4525146484375
img_00181.png,3,166.658935546875,430.35772705078125,55.56304931640625,52.4422607421875
img_00181.png,1,156.344970703125,141.43875122070312,250.77825927734375,241.05908203125
img_00181.png,2,476.2361145019531,187.80718994140625,179.18658447265625,176.39752197265625
img_00181.png,1,113.41966247558594,329.419677734375,56.310089111328125,55.3489990234375
img_00120.png,2,570.2291259765625,179.2115020751953,84.79638671875,102.50732421875
img_00120.png,1,598.8846435546875,318.964111328125,56.31396484375,58.162353515625
img_00120.png,2,571.828125,415.87359619140625,28.171630859375,26.7779541015625
img_00120.png,1,238.29434204101562,265.4350280761719,336.40740966796875,325.26739501953125
img_00049.png,1,218.60235595703125,64.56141662597656,115.7220458984375,109.88922119140625
img_00049.png,1,120.62724304199219,409.10223388671875,136.16238403320312,123.5313720703125
img_00049.png,3,579.5670776367188,275.85284423828125,104.2625732421875,130.76414489746094
img_00049.png,3,105.8160629272461,212.53265380859375,104.13035583496094,119.13433837890625
img_00049.png,3,451.57952880859375,95.20516967773438,46.59326171875,42.7945556640625
img_00049.png,3,355.18988037109375,298.95379638671875,291.14263916015625,295.43115234375
img_00072.png,1,449.9578552246094,412.7176513671875,134.78167724609375,121.97174072265625
img_00072.png,0,84.12413787841797,172.30014038085938,93.13136291503906,131.5115966796875
img_00072.png,1,271.9397888183594,406.8681640625,60.92987060546875,63.3382568359375
img_00072.png,0,162.31393432617188,309.8407897949219,42.9525146484375,55.56024169921875
img_00072.png,1,461.607421875,222.29293823242188,278.6759033203125,200.435302734375
img_00072.png,1,503.5431213378906,222.80435180664062,195.82769775390625,202.48046875
img_00128.png,1,157.11752319335938,68.23660278320312,80.94910430908203,89.62203979492188
img_00128.png,1,420.328125,397.5900573730469,148.25048828125,105.9501953125
img_00128.png,1,457.114013671875,137.61334228515625,240.7861328125,193.87689208984375
img_00128.png,1,242.24172973632812,384.90386962890625,122.30487060546875,93.2647705078125
img_00128.png,0,139.3356170654297,249.0533905029297,55.02154541015625,60.119598388671875
img_00128.png,3,589.3528442382812,345.1448974609375,37.767822265625,45.8282470703125
img_00128.png,0,86.23929595947266,383.4405517578125,42.088653564453125,53.2484130859375
img_00118.png,1,573.893310546875,55.573143005371094,119.31103515625,83.45991516113281
img_00118.png,0,76.16574096679688,362.048583984375,84.79620361328125,126.08270263671875
img_00118.png,0,132.6409912109375,143.3205108642578,86.3526611328125,111.05606079101562
img_00118.png,1,444.93438720703125,54.399658203125,69.4222412109375,68.17556762695312
img_00118.png,1,191.6619415283203,364.351318359375,64.99658203125,73.05126953125
img_00118.png,1,437.769775390625,290.97552490234375,286.105712890625,279.2054443359375
img_00118.png,1,335.45953369140625,56.871665954589844,50.0289306640625,52.76133728027344
img_00063.png,3,597.4719848632812,279.48541259765625,67.167236328125,90.45396423339844
img_00063.png,3,128.2731170654297,238.6945343017578,98.6287841796875,134.66146850585938
img_00063.png,0,82.11141204833984,411.2746276855469,40.56419372558594,44.25408935546875
img_00063.png,0,116.1223373413086,96.7789077758789,30.151870727539062,32.88233947753906
img_00007.png,2,490.628662109375,388.56134033203125,157.540771484375,140.30322265625
img_00007.png,1,126.7130126953125,113.02780151367188,96.0455322265625,98.54144287109375
img_00007.png,2,103.4679946899414,315.06634521484375,174.7141571044922,180.02911376953125
img_00007.png,2,430.57763671875,158.92312622070312,92.9476318359375,87.90178680419922
img_00007.png,2,312.7420959472656,373.2614440917969,27.00897216796875,26.083740234375
img_00093.png,3,243.43426513671875,205.11904907226562,131.53656005859375,127.56500244140625
img_00093.png,3,53.60374450683594,166.95501708984375,96.45925903320312,127.060302734375
img_00093.png,0,440.40289306640625,240.13397216796875,53.2464599609375,65.03631591796875
img_00093.png,0,344.0009765625,395.4697265625,49.8397216796875,63.46820068359375
img_00093.png,0,490.4117736816406,425.11041259765625,43.70623779296875,47.1680908203125
img_00093.png,0,152.63055419921875,364.14239501953125,35.3743896484375,41.8675537109375
img_00088.png,2,535.834228515625,247.2476806640625,151.45877075195312,155.25677490234375
img_00088.png,2,366.09124755859375,140.70623779296875,130.860107421875,128.1456298828125
img_00088.png,2,242.18087768554688,336.58245849609375,209.39739990234375,218.97222900390625
img_00088.png,2,450.4678955078125,418.36529541015625,124.3427734375,115.34185791015625
img_00088.png,0,173.00059509277344,75.50674438476562,40.546875,41.47161865234375
img_00057.png,1,125.13702392578125,115.23860931396484,122.16696166992188,85.86024475097656
img_00057.png,2,116.5318603515625,273.30352783203125,33.572174072265625,31.8997802734375
img_00057.png,1,383.7887268066406,293.2957458496094,293.61224365234375,287.16619873046875
img_00109.png,0,490.359130859375,357.1105651855469,117.963134765625,135.03851318359375
img_00109.png,0,337.418701171875,373.87481689453125,112.22705078125,131.87158203125
img_00109.png,0,137.57810974121094,390.90362548828125,105.02142333984375,124.7220458984375
img_00109.png,3,596.7095947265625,178.0114288330078,50.63330078125,53.17755126953125
img_00109.png,3,377.3095703125,137.13681030273438,154.7921142578125,165.71917724609375
img_00109.png,0,116.1109619140625,169.65982055664062,178.6566162109375,181.85711669921875
img_00195.png,1,536.177734375,387.9359130859375,140.88790893554688,134.918701171875
img_00195.png,1,533.2523193359375,208.57659912109375,165.11544799804688,161.1563720703125
img_00195.png,3,51.19744110107422,331.3304748535156,48.145599365234375,49.98773193359375
img_00195.png,3,264.935546875,182.80255126953125,295.152587890625,289.6334228515625
img_00195.png,3,261.70465087890625,255.03302001953125,295.73773193359375,320.4154052734375
img_00163.png,1,492.97601318359375,70.55696868896484,84.3958740234375,88.76559448242188
img_00163.png,1,332.33795166015625,102.56195831298828,144.41046142578125,120.14637756347656
img_00163.png,3,368.4666442871094,326.8388671875,102.975830078125,95.160400390625
img_00163.png,0,555.9110107421875,219.22528076171875,83.44873046875,119.1148681640625
img_00163.png,1,541.7344970703125,382.68597412109375,125.2137451171875,125.605224609375
img_00163.png,3,123.28755950927734,54.737510681152344,62.98902893066406,62.431396484375
img_00163.png,1,265.6976318359375,432.63818359375,53.5594482421875,54.667724609375
img_00163.png,3,127.17681884765625,248.9578399658203,218.4744873046875,267.9601745605469
img_00098.png,1,301.5433044433594,92.82068634033203,86.39154052734375,83.04588317871094
img_00098.png,2,548.09130859375,351.10968017578125,116.8856201171875,118.88739013671875
img_00098.png,1,165.39859008789062,66.34725189208984,117.81948852539062,81.724609375
img_00098.png,2,455.18182373046875,71.78590393066406,114.3216552734375,117.4825439453125
img_00098.png,1,545.0877685546875,223.89662170410156,124.4173583984375,97.23593139648438
img_00098.png,1,301.788818359375,309.5609130859375,279.91796875,282.1943359375
img_00021.png,1,384.8057556152344,393.31170654296875,109.178466796875,119.56744384765625
img_00021.png,1,163.60540771484375,174.1835174560547,178.55181884765625,114.76791381835938
img_00021.png,2,157.1926727294922,373.62274169921875,62.68597412109375,56.27880859375
img_00021.png,1,535.5296020507812,327.75982666015625,113.208251953125,82.30670166015625
img_00021.png,2,425.63238525390625,192.47340393066406,50.9674072265625,48.549957275390625
img_00021.png,2,569.3287963867188,119.72160339355469,30.8917236328125,28.9786376953125
img_00062.png,2,559.633056640625,76.65837860107422,127.71804809570312,126.60932922363281
img_00062.png,1,96.30305480957031,391.6590576171875,117.83871459960938,87.0145263671875
img_00062.png,3,316.1576232910156,235.0633544921875,273.48785400390625,258.9952392578125
img_00062.png,3,503.11669921875,306.1683349609375,63.4420166015625,86.5849609375
img_00062.png,3,66.60881805419922,86.46774291992188,116.11894226074219,125.132080078125
img_00062.png,2,130.58721923828125,286.25433349609375,34.131927490234375,32.813232421875
img_00191.png,3,355.7125549316406,133.22476196289062,100.7508544921875,122.15679931640625
img_00191.png,3,556.135009765625,342.14569091796875,119.3857421875,143.24755859375
img_00191.png,3,515.0022583007812,170.6273651123047,85.0013427734375,101.3521728515625
img_00191.png,0,178.92845153808594,109.81402587890625,115.41201782226562,133.04129028320312
img_00191.png,3,92.42118835449219,349.77337646484375,99.50625610351562,97.95703125
img_00191.png,0,285.6653747558594,400.69500732421875,54.75469970703125,57.6273193359375
img_00191.png,0,222.9477996826172,255.17453002929688,37.733734130859375,39.5054931640625
img_00141.png,0,567.6494140625,374.12176513671875,42.82470703125,54.9364013671875
img_00141.png,3,573.2822265625,158.4951934814453,97.13525390625,129.24636840820312
img_00141.png,0,291.36895751953125,229.57354736328125,366.3719482421875,361.5753173828125
img_00158.png,2,464.115478515625,295.66717529296875,120.77490234375,123.28147888183594
img_00158.png,2,174.60755920410156,89.76734161376953,141.00006103515625,150.61680603027344
img_00158.png,2,541.5148315429688,107.7171630859375,62.3472900390625,59.024139404296875
img_00158.png,2,245.03306579589844,321.05340576171875,88.35885620117188,86.2449951171875
img_00012.png,2,497.24749755859375,119.91241455078125,90.029296875,84.50857543945312
img_00012.png,1,157.00576782226562,413.44683837890625,62.82575225830078,67.04736328125
img_00012.png,2,162.02801513671875,179.00531005859375,229.5823974609375,258.766845703125
img_00012.png,3,363.9267578125,362.4779052734375,81.4075927734375,108.0623779296875
img_00012.png,2,533.9492797851562,328.409912109375,32.4879150390625,29.3665771484375
img_00080.png,1,99.16363525390625,82.24851989746094,167.11236572265625,116.6102294921875
img_00080.png,0,421.23187255859375,98.55189514160156,171.15765380859375,171.13986206054688
img_00080.png,0,443.2188415527344,334.2654113769531,179.60113525390625,179.09930419921875
img_00080.png,1,221.47799682617188,345.19232177734375,212.66259765625,143.979736328125
img_00080.png,1,51.99762725830078,412.0638427734375,54.18919372558594,56.8834228515625
img_00080.png,2,173.94491577148438,219.29116821289062,35.6456298828125,34.24603271484375
img_00080.png,0,580.087646484375,69.5143814086914,33.18994140625,41.29161071777344
img_00080.png,0,50.13079833984375,191.85740661621094,27.299850463867188,34.086151123046875
img_00022.png,0,576.0587158203125,153.97206115722656,89.889404296875,131.6494140625
img_00022.png,3,580.47998046875,318.98486328125,89.873779296875,82.35498046875
img_00022.png,0,53.19109344482422,413.719970703125,32.942138671875,41.9114990234375
img_00022.png,0,61.08198547363281,177.95809936523438,31.321319580078125,35.58465576171875
img_00022.png,0,599.264404296875,431.8225402832031,34.89306640625,41.8016357421875
img_00022.png,0,67.23799896240234,311.4234619140625,32.440277099609375,36.163330078125
img_00022.png,0,210.61825561523438,347.74652099609375,29.4161376953125,35.705322265625
img_00022.png,0,314.7318115234375,241.30657958984375,260.110595703125,309.45245361328125
img_00197.png,1,84.50468444824219,311.0063171386719,131.14328002929688,129.38433837890625
img_00197.png,1,250.9075927734375,57.970130920410156,120.1134033203125,85.80497741699219
img_00197.png,0,297.6962585449219,247.2740478515625,99.097412109375,126.21368408203125
img_00197.png,2,533.60107421875,310.56427001953125,139.06155395507812,128.64076232910156
img_00197.png,1,576.78564453125,420.28564453125,57.5546875,59.15576171875
img_00197.png,1,585.3841552734375,99.728759765625,51.448974609375,51.084808349609375
img_00197.png,0,115.71395874023438,60.0645866394043,29.669525146484375,31.396568298339844
img_00197.png,0,491.5160827636719,108.7490234375,34.115966796875,39.162200927734375
img_00197.png,2,140.98117065429688,425.32940673828125,25.01666259765625,23.3861083984375
img_00089.png,1,349.980224609375,199.72576904296875,185.89349365234375,208.22802734375
img_00089.png,1,331.7441101074219,381.6954345703125,120.15692138671875,78.42669677734375
img_00089.png,1,478.70892333984375,408.7264709472656,114.7318115234375,93.7415771484375
img_00089.png,1,76.16419219970703,114.63267517089844,112.97785949707031,87.90902709960938
img_00089.png,2,81.9566650390625,289.6119384765625,132.4031982421875,117.98939514160156
img_00015.png,3,543.8265991210938,108.28607940673828,91.426025390625,108.68766784667969
img_00015.png,0,128.25424194335938,398.88427734375,121.24212646484375,125.4674072265625
img_00015.png,3,530.3062744140625,347.19049072265625,193.80587768554688,163.069580078125
img_00015.png,3,316.35565185546875,332.53948974609375,126.81651306152344,117.54296875
img_00015.png,3,65.37079620361328,243.83740234375,81.67295837402344,110.74090576171875
img_00015.png,3,253.45584106445312,131.1669921875,128.29644775390625,150.796630859375
img_00015.png,3,79.02269744873047,79.14244079589844,68.38082885742188,90.958740234375
img_00180.png,0,154.6906280517578,142.72824096679688,113.98757934570312,118.112060546875
img_00180.png,2,250.9953155517578,372.6269836425781,124.93185424804688,136.92108154296875
img_00180.png,0,82.79224395751953,378.091064453125,136.0198211669922,154.4285888671875
img_00180.png,2,475.47442626953125,238.2628936767578,83.5743408203125,80.36611938476562
img_00180.png,0,461.1391296386719,433.2232666015625,29.57830810546875,36.427490234375
img_00121.png,0,77.96405029296875,369.2822265625,132.6943359375,136.253173828125
img_00121.png,1,295.71527099609375,196.3019561767578,154.12184143066406,103.85369873046875
img_00121.png,0,102.70154571533203,157.69989013671875,128.3314971923828,142.78958129882812
img_00121.png,0,533.8377685546875,395.5667419433594,68.75048828125,71.63018798828125
img_00121.png,0,282.3212585449219,381.308837890625,59.4268798828125,75.398193359375
img_00121.png,0,474.0247802734375,162.90878295898438,48.10211181640625,62.98876953125
img_00136.png,2,91.11862182617188,86.81845092773438,87.44271850585938,102.96710205078125
img_00136.png,2,416.9307861328125,298.5032043457031,170.2652587890625,151.00836181640625
img_00136.png,3,289.2596435546875,102.00326538085938,76.9117431640625,94.55462646484375
img_00136.png,3,514.2164916992188,104.50331115722656,120.8328857421875,115.26779174804688
img_00136.png,3,131.03866577148438,267.39678955078125,162.22613525390625,151.1053466796875
img_00136.png,2,533.624267578125,427.53009033203125,25.11669921875,23.1826171875
img_00076.png,2,73.59739685058594,118.84698486328125,114.06961059570312,117.447998046875
img_00076.png,2,589.755859375,334.8284912109375,26.99609375,26.200439453125
img_00076.png,0,597.963623046875,229.8414306640625,28.6103515625,35.01025390625
img_00076.png,2,105.629638671875,258.28564453125,28.72003173828125,27.590347290039062
img_00076.png,0,88.84272766113281,404.31982421875,29.40631103515625,33.6595458984375
img_00023.png,1,137.5911407470703,383.80291748046875,160.87518310546875,112.0850830078125
img_00023.png,3,363.6573486328125,134.9342041015625,170.4923095703125,210.81085205078125
img_00023.png,2,552.0119018554688,97.96436309814453,138.824462890625,125.24006652832031
img_00023.png,1,283.34417724609375,410.15765380859375,69.46095275878906,77.8748779296875
img_00023.png,3,150.9271240234375,167.99795532226562,124.49913787841797,167.36312866210938
img_00023.png,2,523.0845947265625,363.76971435546875,72.8555908203125,69.1002197265625
img_00184.png,2,413.2528076171875,406.1552734375,90.86859130859375,98.227783203125
img_00184.png,2,195.68228149414062,112.59851837158203,124.94232177734375,127.36195373535156
img_00184.png,1,128.98912048339844,314.3568115234375,228.5819091796875,220.01380920410156
img_00184.png,2,449.62127685546875,159.70675659179688,85.361572265625,86.6834716796875
img_00143.png,1,440.41864013671875,353.44232177734375,162.77197265625,112.6199951171875
img_00143.png,0,540.2818603515625,175.87396240234375,118.530517578125,133.8909912109375
img_00143.png,0,178.54290771484375,294.9512634277344,236.95703125,322.69964599609375
img_00150.png,0,553.8261108398438,335.65234375,132.9306640625,124.321044921875
img_00150.png,0,72.58287811279297,363.224853515625,103.20585632324219,117.1895751953125
img_00150.png,0,288.08245849609375,65.09821319580078,39.988525390625,50.52763366699219
img_00150.png,0,114.54374694824219,76.27870178222656,31.17694091796875,32.32943344116211
img_00150.png,0,560.685302734375,146.81968688964844,35.006591796875,37.9913330078125
img_00150.png,0,47.600433349609375,169.85040283203125,25.943130493164062,32.84613037109375
img_00150.png,3,330.88397216796875,275.57232666015625,158.3033447265625,189.42738342285156
img_00094.png,3,83.78272247314453,325.89801025390625,96.53636169433594,95.958251953125
img_00094.png,3,358.6102600097656,328.0531005859375,170.63751220703125,173.12156677246094
img_00094.png,2,127.37037658691406,154.53622436523438,180.48236083984375,165.62933349609375
img_00094.png,2,450.8338623046875,70.14616394042969,129.35205078125,136.20849609375
img_00094.png,2,572.4237670898438,202.91888427734375,27.291748046875,26.26751708984375
img_00013.png,1,252.48443603515625,151.18247985839844,193.25323486328125,130.03524780273438
img_00013.png,1,495.36248779296875,97.56355285644531,231.22705078125,150.186767578125
img_00013.png,2,69.52986145019531,288.68280029296875,52.8321533203125,50.6663818359375
img_00013.png,2,524.6493530273438,316.6356201171875,68.05126953125,68.24749755859375
img_00013.png,2,315.1396484375,395.1735534667969,36.2691650390625,34.61907958984375
img_00153.png,0,93.60708618164062,370.4376220703125,138.857421875,137.9912109375
img_00153.png,1,316.4986877441406,77.28270721435547,160.12615966796875,114.56654357910156
img_00153.png,1,157.44903564453125,61.26258087158203,127.53018188476562,92.70915222167969
img_00153.png,0,487.9455871582031,155.57313537597656,153.83905029296875,190.52957153320312
img_00153.png,1,512.964111328125,352.220703125,157.69918823242188,154.17529296875
img_00153.png,0,118.41169738769531,206.2549591064453,57.168121337890625,63.145965576171875
img_00153.png,0,312.24169921875,241.53314208984375,58.0810546875,63.6724853515625
img_00153.png,0,315.2054138183594,395.0249938964844,32.99639892578125,40.68109130859375
img_00025.png,3,116.6588134765625,298.7571105957031,162.1181640625,161.78643798828125
img_00025.png,3,273.05047607421875,192.070068359375,85.64405822753906,84.80877685546875
img_00025.png,0,536.2009887695312,409.8494567871094,90.3192138671875,129.41717529296875
img_00025.png,3,50.1313362121582,112.19906616210938,52.79894256591797,48.1475830078125
img_00025.png,0,328.3282165527344,322.26214599609375,37.97564697265625,46.567626953125
img_00025.png,3,515.3826293945312,157.103271484375,146.1507568359375,194.6756591796875
img_00026.png,0,338.549072265625,376.2031555175781,108.128173828125,128.93560791015625
img_00026.png,3,337.5621643066406,208.33706665039062,138.99163818359375,148.94268798828125
img_00026.png,0,101.07247924804688,133.75933837890625,137.4571533203125,147.3272705078125
img_00026.png,0,545.7303466796875,161.01573181152344,77.24783325195312,86.07608032226562
img_00026.png,0,489.9627685546875,360.691162109375,60.302490234375,62.3341064453125
img_00026.png,3,373.76434326171875,69.45724487304688,45.627685546875,44.968441009521484
img_00026.png,3,258.434814453125,83.25021362304688,55.32814025878906,53.9107666015625
img_00026.png,3,171.860107421875,327.92498779296875,135.9927978515625,167.6441650390625
img_00064.png,3,62.496742248535156,225.7281494140625,92.24980163574219,119.364990234375
img_00064.png,3,511.8297119140625,156.85694885253906,119.3922119140625,135.48968505859375
img_00064.png,3,271.80657958984375,405.2735595703125,103.67083740234375,130.7681884765625
img_00064.png,1,259.71710205078125,184.6024932861328,195.81358337402344,198.73617553710938
img_00064.png,1,566.8101806640625,310.29315185546875,68.98193359375,67.88525390625
img_00064.png,2,128.0511474609375,402.1328125,130.7645263671875,123.8087158203125
img_00064.png,1,501.38818359375,420.72662353515625,56.7509765625,63.38330078125
img_00066.png,3,367.58453369140625,245.79554748535156,217.42333984375,242.86886596679688
img_00066.png,1,82.55908203125,353.24188232421875,122.05072021484375,99.69781494140625
img_00066.png,3,455.26116943359375,419.09405517578125,40.637451171875,48.2811279296875
img_00066.png,3,146.29644775390625,131.097412109375,99.88890838623047,128.44036865234375
img_00183.png,1,518.5126953125,406.7183837890625,141.75631713867188,96.9285888671875
img_00183.png,0,465.48455810546875,265.2783508300781,108.6380615234375,127.656005859375
img_00183.png,1,131.44940185546875,325.4414978027344,212.50250244140625,173.312255859375
img_00183.png,2,218.2675018310547,120.12528228759766,46.70123291015625,44.27714538574219
img_00183.png,0,387.2493896484375,73.88410949707031,42.8414306640625,45.38421630859375
img_00183.png,2,82.94230651855469,129.87521362304688,35.481842041015625,34.87389373779297
img_00183.png,0,545.4100952148438,83.05363464355469,30.405517578125,38.92721939086914
img_00000.png,2,134.8130645751953,297.3063659667969,191.15859985351562,205.84173583984375
img_00000.png,0,112.94566345214844,76.94658660888672,29.17364501953125,37.584991455078125
img_00000.png,0,412.0498962402344,60.59130859375,28.01763916015625,35.385345458984375
img_00000.png,0,591.5828857421875,66.01118469238281,30.1961669921875,32.6396484375
img_00000.png,0,375.52777099609375,434.116455078125,30.94000244140625,31.60955810546875
img_00000.png,2,447.5810241699219,255.50698852539062,319.49603271484375,309.36614990234375
img_00165.png,1,574.0855712890625,72.55643463134766,54.18994140625,59.57292175292969
img_00165.png,2,580.2317504882812,270.69390869140625,30.092041015625,28.7039794921875
img_00165.png,2,587.6295776367188,167.0741424560547,34.9117431640625,35.534881591796875
img_00165.png,0,560.720458984375,386.9045104980469,25.4775390625,24.5484619140625
img_00165.png,2,560.806396484375,386.58001708984375,25.323974609375,24.365234375
img_00165.png,2,311.48944091796875,182.32688903808594,326.6622314453125,351.8269958496094
img_00108.png,3,309.9090576171875,380.7496643066406,83.00830078125,112.057861328125
img_00108.png,3,395.9568786621094,194.6967010498047,92.01177978515625,128.01217651367188
img_00108.png,3,117.32083129882812,138.85043334960938,74.260009765625,76.52782440185547
img_00108.png,3,564.3767700195312,273.5057373046875,38.143798828125,47.10496520996094
img_00108.png,1,90.72932434082031,378.119140625,50.63079833984375,54.1334228515625
img_00108.png,3,410.4655456542969,150.741455078125,63.0611572265625,39.913238525390625
img_00116.png,1,248.30224609375,88.37065887451172,107.8587646484375,120.21598815917969
img_00116.png,1,81.44200134277344,91.3161849975586,118.70681762695312,130.9811248779297
img_00116.png,1,131.17056274414062,388.9710693359375,166.942138671875,119.0938720703125
img_00116.png,1,195.22706604003906,260.2755432128906,86.51010131835938,92.7188720703125
img_00116.png,2,510.037353515625,269.6647033691406,158.7611083984375,178.9102783203125
img_00116.png,3,340.9910888671875,274.9473571777344,92.3271484375,63.696533203125
img_00041.png,1,475.0968017578125,306.4149169921875,127.09326171875,123.25628662109375
img_00041.png,1,184.40087890625,112.24304962158203,171.99212646484375,124.60725402832031
img_00041.png,1,373.3369140625,141.43014526367188,115.4515380859375,96.4833984375
img_00041.png,1,456.30401611328125,426.56671142578125,70.68701171875,73.6435546875
img_00041.png,1,571.9299926757812,102.80115509033203,67.1221923828125,66.11509704589844
img_00041.png,0,339.0097961425781,319.9652099609375,44.03533935546875,47.448974609375
img_00041.png,0,143.55474853515625,276.5981750488281,42.866241455078125,44.72491455078125
img_00149.png,2,174.05429077148438,152.00778198242188,173.5474853515625,187.44354248046875
img_00149.png,0,431.17919921875,118.59480285644531,183.25244140625,185.48825073242188
img_00149.png,2,501.80047607421875,320.04864501953125,119.4500732421875,111.3809814453125
img_00149.png,2,173.45494079589844,347.7665100097656,99.07925415039062,105.65283203125
img_00149.png,0,382.5712585449219,379.78271484375,49.93707275390625,57.309326171875
img_00149.png,0,51.469947814941406,410.2452087402344,43.01625061035156,47.61016845703125
img_00149.png,2,384.55535888671875,267.45880126953125,25.804931640625,24.634750366210938
img_00149.png,0,600.930908203125,250.1844482421875,27.855712890625,29.552978515625
img_00154.png,3,497.08392333984375,380.2099914550781,77.4886474609375,84.53521728515625
img_00154.png,0,473.34375,187.26803588867188,85.5836181640625,96.36224365234375
img_00154.png,3,168.13812255859375,241.36843872070312,244.8603515625,278.64093017578125
img_00154.png,0,547.1614990234375,44.59740447998047,32.518310546875,42.224609375
img_00119.png,2,437.4565124511719,63.845428466796875,123.94696044921875,111.3453369140625
img_00119.png,0,110.62742614746094,397.1904296875,113.17776489257812,145.761474609375
img_00119.png,2,152.013427734375,227.6394805908203,185.68115234375,166.67630004882812
img_00119.png,2,572.3814697265625,56.79676055908203,30.822509765625,29.326339721679688
img_00119.png,0,263.0665283203125,67.06866455078125,29.894302368164062,36.41314697265625
img_00119.png,2,456.53216552734375,305.5567321777344,291.8348388671875,276.34967041015625
img_00068.png,3,507.13787841796875,395.52789306640625,129.270751953125,147.7613525390625
img_00068.png,3,215.30703735351562,270.59521484375,171.77825927734375,173.44873046875
img_00068.png,3,525.8418579101562,131.41644287109375,127.945556640625,118.6822509765625
img_00068.png,0,378.952392578125,274.83135986328125,30.5654296875,34.192626953125
img_00068.png,0,229.81915283203125,72.74845886230469,28.34698486328125,30.32845687866211
img_00104.png,3,553.0416259765625,377.2386779785156,110.08154296875,144.0653076171875
img_00104.png,3,189.38720703125,413.087158203125,89.85894775390625,113.6019287109375
img_00104.png,3,505.2090759277344,175.74484252929688,131.35614013671875,160.084228515625
img_00104.png,3,231.38539123535156,187.37149047851562,234.20370483398438,298.87884521484375
img_00104.png,2,48.221092224121094,311.6205139160156,32.84965515136719,31.223876953125
img_00042.png,3,537.9531860351562,375.4959411621094,129.4559326171875,151.32177734375
img_00042.png,0,512.6610107421875,125.07160186767578,29.38525390625,37.11354064941406
img_00042.png,3,162.21206665039062,228.11865234375,264.58258056640625,321.2757568359375
img_00032.png,3,583.730224609375,92.52689361572266,64.459716796875,60.28514099121094
img_00032.png,2,52.899330139160156,85.7607421875,31.647140502929688,31.28497314453125
img_00032.png,2,582.0843505859375,223.71983337402344,26.56494140625,25.2764892578125
img_00032.png,2,593.8782958984375,318.3271484375,27.10400390625,25.37518310546875
img_00032.png,3,307.7708435058594,267.9804382324219,216.2960205078125,300.07891845703125
img_00032.png,2,584.314697265625,423.5711669921875,27.01171875,27.044921875
img_00032.png,3,56.832584381103516,317.13592529296875,74.34175872802734,101.2894287109375
img_00187.png,1,458.3510437011719,190.4027862548828,118.07086181640625,133.87570190429688
img_00187.png,1,551.7935791015625,428.6021728515625,135.68701171875,94.0277099609375
img_00187.png,1,357.91461181640625,407.56158447265625,145.50250244140625,114.295654296875
img_00187.png,2,122.83627319335938,134.73011779785156,154.47930908203125,165.35311889648438
img_00187.png,1,277.5062255859375,221.38433837890625,125.3619384765625,92.68829345703125
img_00187.png,2,132.03195190429688,329.37298583984375,39.97503662109375,39.72418212890625
img_00187.png,1,251.9846954345703,66.56424713134766,58.969696044921875,55.98332214355469
img_00031.png,2,162.57559204101562,192.4093017578125,233.7247314453125,253.6754150390625
img_00031.png,0,176.36602783203125,392.35552978515625,39.83251953125,42.392333984375
img_00031.png,2,477.9924621582031,181.57559204101562,313.57183837890625,314.3421630859375
img_00028.png,3,553.8099365234375,144.563232421875,110.87594604492188,125.97247314453125
img_00028.png,3,70.70930480957031,421.41033935546875,63.45706558227539,61.237060546875
img_00028.png,0,61.93486785888672,239.7863311767578,51.231353759765625,57.527008056640625
img_00028.png,0,560.1214599609375,371.0321044921875,39.6065673828125,51.1610107421875
img_00028.png,0,298.3193054199219,221.8446044921875,331.10748291015625,345.5732421875
img_00037.png,1,531.4854736328125,95.07606506347656,111.03543090820312,118.05630493164062
img_00037.png,2,348.260009765625,93.39622497558594,117.0577392578125,128.11373901367188
img_00037.png,1,131.8231964111328,410.2801513671875,144.02432250976562,134.1783447265625
img_00037.png,1,144.1795654296875,67.56202697753906,80.20386505126953,83.09710693359375
img_00037.png,1,399.75909423828125,303.5252380371094,186.5465087890625,207.8297119140625
img_00037.png,2,603.2380981445312,263.4291687011719,30.3106689453125,29.0072021484375
img_00037.png,1,123.26994323730469,242.37542724609375,216.49169921875,212.3997802734375
img_00002.png,2,505.40911865234375,336.9132385253906,114.352294921875,114.69482421875
img_00002.png,2,499.976806640625,188.9989776611328,141.1099853515625,138.23379516601562
img_00002.png,1,286.62322998046875,425.66412353515625,56.7633056640625,62.51123046875
img_00002.png,1,470.268798828125,56.84048843383789,53.1572265625,54.298011779785156
img_00002.png,2,57.60752868652344,416.5033874511719,42.66886901855469,40.40142822265625
img_00002.png,2,183.12774658203125,415.3978271484375,24.729095458984375,23.1185302734375
img_00002.png,2,208.30718994140625,207.71168518066406,351.275634765625,367.2679138183594
img_00027.png,3,360.1563415527344,362.746826171875,149.11859130859375,126.3692626953125
img_00027.png,2,571.4164428710938,368.37896728515625,120.2215576171875,113.5142822265625
img_00027.png,2,288.7886962890625,127.97232818603516,185.9337158203125,204.4883270263672
img_00027.png,3,125.03547668457031,164.82772827148438,77.2127685546875,98.68194580078125
img_00027.png,2,513.9356689453125,165.44728088378906,175.289794921875,163.24166870117188
img_00027.png,3,145.0796356201172,364.31390380859375,118.06094360351562,144.706787109375
img_00077.png,3,259.699462890625,407.90673828125,106.23475646972656,126.805419921875
img_00077.png,1,539.844482421875,80.74874114990234,124.9718017578125,123.16072082519531
img_00077.png,3,208.8952178955078,90.31173706054688,101.93081665039062,120.4593505859375
img_00077.png,1,246.76954650878906,239.71920776367188,89.34060668945312,92.72601318359375
img_00077.png,3,507.63958740234375,327.20562744140625,206.968994140625,262.7293701171875
img_00053.png,3,120.35554504394531,320.41961669921875,92.25924682617188,116.811279296875
img_00053.png,1,464.79052734375,201.480712890625,112.451171875,117.43914794921875
img_00053.png,1,261.3724365234375,230.64222717285156,124.38916015625,91.49105834960938
img_00053.png,1,133.8232879638672,92.37444305419922,188.95474243164062,149.7849884033203
img_00053.png,1,448.6850280761719,386.1087646484375,141.88055419921875,157.6229248046875
img_00053.png,3,509.5975341796875,78.88664245605469,50.795654296875,47.63168716430664
img_00053.png,1,257.4045715332031,401.35107421875,51.20782470703125,56.120361328125
img_00107.png,2,560.2913818359375,87.1357421875,54.7674560546875,50.983154296875
img_00107.png,3,559.354736328125,320.44000244140625,67.894287109375,87.09228515625
img_00107.png,2,202.55581665039062,212.88253784179688,331.497314453125,376.6162109375
img_00113.png,1,149.11227416992188,211.7882080078125,108.31133270263672,108.901611328125
img_00113.png,1,415.35546875,114.11781311035156,226.4219970703125,170.66458129882812
img_00113.png,2,340.40814208984375,409.19183349609375,88.49493408203125,105.1942138671875
img_00113.png,1,137.97076416015625,427.1772155761719,59.09942626953125,57.88861083984375
img_00113.png,1,593.3541259765625,399.3603515625,55.51416015625,58.0927734375
img_00113.png,1,577.0504760742188,267.04150390625,50.0020751953125,55.18003845214844
img_00113.png,1,241.49951171875,401.739501953125,49.306884765625,53.3251953125
img_00113.png,2,169.84107971191406,68.75033569335938,27.2332763671875,25.649654388427734
img_00113.png,2,41.88874816894531,88.77412414550781,26.99987030029297,25.424758911132812
img_00065.png,3,402.80303955078125,88.74079895019531,67.38916015625,66.49557495117188
img_00065.png,0,62.81569290161133,297.1102294921875,118.92169952392578,119.39549255371094
img_00065.png,3,580.2022705078125,100.88484191894531,59.3193359375,71.4798583984375
img_00065.png,3,252.92430114746094,291.08233642578125,222.08767700195312,219.86329650878906
img_00065.png,3,445.46075439453125,238.86175537109375,140.6668701171875,120.806396484375
img_00065.png,3,584.302978515625,334.2218017578125,84.248291015625,107.4339599609375
img_00065.png,3,69.55343627929688,155.7769012451172,80.9012451171875,79.75808715820312
img_00065.png,0,487.7791748046875,375.6399230957031,34.748291015625,36.75665283203125
img_00198.png,0,484.7869873046875,99.56929016113281,93.572509765625,132.74508666992188
img_00198.png,2,329.9211120605469,406.88409423828125,116.44775390625,121.11407470703125
img_00198.png,0,547.6148071289062,315.1121826171875,114.275390625,133.18177795410156
img_00198.png,2,205.63375854492188,422.659423828125,26.90570068359375,24.90380859375
img_00198.png,0,216.83840942382812,197.7942657470703,323.85357666015625,342.8335876464844
img_00061.png,3,54.222900390625,220.83535766601562,51.79986572265625,48.7620849609375
img_00061.png,2,565.501708984375,238.55514526367188,89.308349609375,108.00653076171875
img_00061.png,1,545.1070556640625,104.08148956298828,54.935546875,61.04045104980469
img_00061.png,3,544.388916015625,419.7369689941406,41.083251953125,37.66754150390625
img_00061.png,3,58.18055725097656,343.2145690917969,40.87176513671875,53.02264404296875
img_00010.png,1,100.33486938476562,66.86552429199219,130.43994140625,124.87796020507812
img_00010.png,0,581.101318359375,83.92958068847656,106.6259765625,120.1744384765625
img_00010.png,1,547.0331420898438,341.9327392578125,121.220947265625,92.4537353515625
img_00010.png,0,290.2213439941406,75.93070983886719,36.1187744140625,46.261993408203125
img_00010.png,0,69.7524642944336,438.90411376953125,29.699295043945312,37.49029541015625
img_00010.png,1,276.7613525390625,287.6210021972656,331.2664794921875,312.5162353515625
img_00009.png,2,465.59429931640625,140.13760375976562,213.9879150390625,233.0760498046875
img_00009.png,2,493.2412109375,405.12249755859375,130.26513671875,132.4859619140625
img_00009.png,0,141.67515563964844,278.31427001953125,227.97970581054688,230.23777770996094
img_00009.png,2,53.887542724609375,97.3861083984375,25.821807861328125,26.016265869140625
img_00009.png,0,150.36758422851562,94.66708374023438,27.67999267578125,34.642364501953125
img_00009.png,2,340.8131103515625,375.43511962890625,25.06500244140625,23.8779296875
img_00071.png,0,64.7403793334961,65.74275207519531,115.36624145507812,113.91140747070312
img_00071.png,0,570.3065795898438,136.8209686279297,121.0584716796875,145.33547973632812
img_00071.png,2,252.50115966796875,143.04483032226562,162.57366943359375,178.93817138671875
img_00071.png,0,422.03057861328125,158.39486694335938,118.83062744140625,160.18133544921875
img_00071.png,2,177.80084228515625,362.0189208984375,112.3475341796875,145.449951171875
img_00071.png,2,349.61431884765625,326.87353515625,56.51495361328125,51.4747314453125
img_00071.png,2,520.1685180664062,337.081298828125,41.03076171875,40.10870361328125
img_00117.png,2,96.645751953125,271.0633239746094,122.12225341796875,110.1160888671875
img_00117.png,0,99.14764404296875,63.87870788574219,56.09742736816406,62.2159423828125
img_00117.png,2,340.10638427734375,255.72634887695312,275.20697021484375,246.523681640625
img_00117.png,2,578.02001953125,99.20860290527344,47.17822265625,44.82891845703125
img_00117.png,2,600.89013671875,319.4207458496094,24.632568359375,23.01251220703125
img_00168.png,3,87.82453918457031,101.87406158447266,114.82333374023438,135.39207458496094
img_00168.png,3,252.37533569335938,338.1358642578125,118.363525390625,157.0003662109375
img_00168.png,3,325.96875,109.67524719238281,92.8001708984375,113.96435546875
img_00168.png,0,125.22386169433594,364.94769287109375,44.492645263671875,46.489990234375
img_00168.png,0,555.0476684570312,279.6373291015625,39.2352294921875,50.28916931152344
img_00168.png,0,549.1109619140625,61.26451873779297,28.697265625,32.68434143066406
img_00162.png,3,52.83790969848633,46.287452697753906,54.86815643310547,51.689239501953125
img_00162.png,3,51.395973205566406,171.2708740234375,71.16671752929688,94.47882843017578
img_00162.png,3,58.694854736328125,417.19769287109375,50.97096252441406,49.8719482421875
img_00162.png,1,65.81739807128906,304.38763427734375,69.75473022460938,65.9072265625
img_00014.png,1,386.8022155761719,344.21038818359375,210.7666015625,158.474609375
img_00014.png,1,296.45953369140625,144.966552734375,202.87506103515625,144.743408203125
img_00014.png,1,535.4705200195312,153.14157104492188,149.81396484375,136.37786865234375
img_00014.png,3,62.982566833496094,136.9222412109375,70.89813232421875,92.63555908203125
img_00014.png,3,571.5967407226562,388.755615234375,101.159912109375,128.8951416015625
img_00014.png,1,157.8488311767578,366.6387939453125,88.73104858398438,96.2818603515625
img_00146.png,0,93.50806427001953,405.261474609375,125.08616638183594,128.7427978515625
img_00146.png,1,515.47998046875,174.68844604492188,125.529541015625,135.11785888671875
img_00146.png,1,348.01287841796875,185.5938262939453,133.314697265625,102.62979125976562
img_00146.png,1,76.84652709960938,102.3022689819336,140.1533203125,91.48445129394531
img_00146.png,1,153.01014709472656,231.3113250732422,219.16159057617188,158.54678344726562
img_00146.png,0,244.916259765625,423.06182861328125,29.06829833984375,35.035888671875
img_00146.png,0,518.5325927734375,326.40411376953125,31.0587158203125,33.78515625
img_00146.png,0,345.014404296875,379.25579833984375,31.6312255859375,34.139892578125
img_00155.png,3,274.0297546386719,403.93011474609375,99.0931396484375,119.70849609375
img_00155.png,3,305.5364990234375,183.875244140625,53.65045166015625,59.7310791015625
img_00155.png,2,502.5567932128906,347.2125244140625,188.96600341796875,169.38348388671875
img_00155.png,2,118.85169982910156,85.84261322021484,40.89056396484375,38.07853698730469
img_00155.png,0,434.3046875,159.21420288085938,29.27630615234375,31.7811279296875
img_00123.png,3,562.6388549804688,106.5723648071289,62.146484375,60.48503112792969
img_00123.png,2,596.7276000976562,360.9992980957031,28.462646484375,27.89593505859375
img_00123.png,0,57.34126663208008,105.0141830444336,25.42589569091797,31.974853515625
img_00123.png,0,47.928279876708984,204.79107666015625,33.387840270996094,34.9788818359375
img_00123.png,0,583.296875,225.7857666015625,32.785400390625,40.86346435546875
img_00123.png,0,304.0755615234375,236.64236450195312,263.7662353515625,289.54541015625
img_00148.png,1,108.59712219238281,325.4640808105469,119.21743774414062,134.281494140625
img_00148.png,1,279.3309326171875,365.2269592285156,131.0848388671875,125.160400390625
img_00148.png,1,324.5562744140625,173.907958984375,232.11822509765625,165.98828125
img_00148.png,1,148.53590393066406,50.8367919921875,64.305419921875,72.44859313964844
img_00148.png,2,506.3914794921875,198.91575622558594,32.1671142578125,30.8857421875
img_00148.png,2,443.2210693359375,371.5728454589844,43.496826171875,42.11419677734375
img_00125.png,3,535.26513671875,376.206787109375,150.10641479492188,127.6805419921875
img_00125.png,0,331.34320068359375,409.3648681640625,129.9912109375,124.5189208984375
img_00125.png,2,74.95382690429688,161.67288208007812,113.283447265625,123.05078887939453
img_00125.png,0,330.816650390625,149.55865478515625,224.9344482421875,245.32379150390625
img_00125.png,3,105.47523498535156,430.23663330078125,48.6414794921875,56.0267333984375
img_00125.png,3,120.58955383300781,305.6239318847656,51.741424560546875,47.953369140625
img_00125.png,3,602.03466796875,171.5647735595703,72.14404296875,93.438232421875
img_00152.png,1,192.8220672607422,391.81500244140625,131.09408569335938,126.7728271484375
img_00152.png,1,152.4541778564453,121.01634979248047,102.80728149414062,111.07521057128906
img_00152.png,1,152.68312072753906,250.3612060546875,167.20663452148438,108.18304443359375
img_00152.png,3,380.73651123046875,370.5457763671875,147.678955078125,129.66607666015625
img_00152.png,3,454.55364990234375,167.44931030273438,150.0054931640625,159.2979736328125
img_00152.png,1,576.3995971679688,415.5045166015625,62.8466796875,62.9923095703125
img_00152.png,3,78.55857849121094,406.84197998046875,72.71517944335938,75.955322265625
img_00081.png,3,569.5267333984375,305.68817138671875,64.2890625,69.9296875
img_00081.png,2,80.48577880859375,336.3218994140625,132.630859375,123.95001220703125
img_00081.png,3,339.8078308105469,409.0169677734375,66.5279541015625,78.496826171875
img_00081.png,2,90.38252258300781,156.36932373046875,88.30886840820312,111.96646118164062
img_00081.png,0,159.7301483154297,445.2485046386719,32.231231689453125,32.349609375
img_00081.png,2,342.9461364746094,207.47772216796875,335.07330322265625,337.40728759765625
img_00134.png,0,504.08807373046875,116.57569885253906,123.098876953125,143.6436767578125
img_00134.png,1,518.5289306640625,300.6761169433594,116.0633544921875,118.94683837890625
img_00134.png,1,546.4097290039062,438.5870361328125,60.136474609375,57.338134765625
img_00134.png,2,243.21922302246094,221.90240478515625,274.0181579589844,293.04437255859375
img_00157.png,1,448.9489440917969,381.339111328125,185.18804931640625,134.268310546875
img_00157.png,3,115.50344848632812,120.73705291748047,78.65777587890625,94.51176452636719
img_00157.png,1,234.9178009033203,357.36932373046875,174.20541381835938,142.23193359375
img_00157.png,3,328.84918212890625,147.79884338378906,163.8543701171875,159.83743286132812
img_00157.png,1,40.72953414916992,368.95068359375,67.7747573852539,68.391845703125
img_00157.png,1,598.0174560546875,254.0037078857422,52.544921875,57.811248779296875
img_00139.png,1,521.4776000976562,247.10507202148438,161.106689453125,166.71295166015625
img_00139.png,1,507.3593444824219,69.27479553222656,122.90618896484375,97.8743896484375
img_00139.png,0,299.80169677734375,51.185813903808594,29.3304443359375,29.784530639648438
img_00139.png,1,187.06976318359375,267.670654296875,293.5936279296875,295.580322265625
img_00139.png,0,549.934326171875,433.86962890625,26.251953125,30.759033203125
img_00190.png,2,380.71246337890625,291.6168518066406,138.978271484375,173.97064208984375
img_00190.png,0,130.60858154296875,221.11984252929688,174.6763916015625,199.20391845703125
img_00190.png,2,534.6967163085938,377.35418701171875,44.3795166015625,42.5032958984375
img_00190.png,0,418.4599914550781,69.50257873535156,38.613037109375,41.48287582397461
img_00190.png,0,74.99278259277344,430.16033935546875,32.833404541015625,42.78369140625
img_00190.png,2,545.6044921875,176.0342254638672,35.3330078125,33.582366943359375
img_00190.png,0,278.75927734375,72.06340026855469,35.8597412109375,39.329044342041016
img_00039.png,0,529.2427978515625,289.1692199707031,132.93136596679688,189.1097412109375
img_00039.png,2,138.6246795654297,198.84239196777344,235.83364868164062,227.30770874023438
img_00039.png,2,332.43878173828125,317.69232177734375,43.318603515625,41.5321044921875
img_00039.png,2,424.58905029296875,55.91053009033203,29.0262451171875,27.733062744140625
img_00167.png,0,569.7593994140625,393.0299072265625,111.589599609375,149.9105224609375
img_00167.png,0,575.99462890625,184.24539184570312,27.3076171875,30.15997314453125
img_00189.png,0,511.8453674316406,119.90177917480469,106.05291748046875,118.97018432617188
img_00189.png,1,444.69146728515625,274.3788757324219,100.3011474609375,109.98956298828125
img_00189.png,0,185.8936004638672,282.6790466308594,243.90805053710938,249.97930908203125
img_00189.png,1,142.9619140625,64.10667419433594,128.47906494140625,121.80722045898438
img_00189.png,0,355.49835205078125,56.61952209472656,46.239990234375,48.30274963378906
img_00115.png,0,57.56697082519531,229.37515258789062,35.495941162109375,39.4754638671875
img_00176.png,2,216.6829833984375,96.09325408935547,67.29251098632812,62.97782897949219
img_00176.png,3,269.5816650390625,439.305908203125,56.85198974609375,55.4051513671875
img_00176.png,2,176.81655883789062,310.4598388671875,105.98194122314453,130.58074951171875
img_00176.png,3,420.6752624511719,293.93463134765625,224.82598876953125,204.80760192871094
img_00176.png,3,591.229248046875,408.31707763671875,47.46630859375,52.9415283203125
img_00176.png,3,428.86090087890625,95.12408447265625,179.8209228515625,155.72500610351562
img_00176.png,1,570.635498046875,102.85626983642578,56.516845703125,61.74229431152344
img_00034.png,1,494.386962890625,267.05169677734375,124.377685546875,103.49537658691406
img_00034.png,2,491.1291809082031,128.3398895263672,130.03326416015625,113.75778198242188
img_00034.png,2,536.6914672851562,406.6025390625,32.586669921875,29.3836669921875
img_00034.png,0,606.4796142578125,76.23381042480469,25.962158203125,32.470088958740234
img_00034.png,0,241.1986846923828,254.02566528320312,301.6342468261719,304.21087646484375
img_00103.png,1,513.8817138671875,129.1122589111328,98.63626098632812,106.61868286132812
img_00103.png,3,340.6670227050781,374.8007507324219,121.04913330078125,110.38958740234375
img_00103.png,3,82.3414077758789,337.80633544921875,95.80036926269531,121.07568359375
img_00103.png,3,540.1346435546875,368.3502197265625,88.42507934570312,124.2427978515625
img_00103.png,0,306.18157958984375,154.79415893554688,264.701904296875,271.57757568359375
img_00174.png,1,469.41839599609375,259.6056213378906,101.4486083984375,101.84326171875
img_00174.png,1,305.85125732421875,97.22965240478516,128.71473693847656,106.55235290527344
img_00174.png,1,502.5273742675781,87.17717742919922,144.37200927734375,104.21513366699219
img_00174.png,1,169.37994384765625,313.24151611328125,206.31463623046875,143.020263671875
img_00174.png,2,122.66424560546875,101.05802917480469,43.191650390625,43.05517578125
img_00159.png,2,286.6302490234375,121.0242691040039,136.42576599121094,140.9209747314453
img_00159.png,0,469.0181884765625,212.6917266845703,91.4222412109375,131.62271118164062
img_00159.png,1,229.4780731201172,273.33795166015625,77.33486938476562,74.72540283203125
img_00159.png,1,571.6346435546875,78.38568115234375,58.8349609375,59.979610443115234
img_00159.png,0,92.83882904052734,338.0964050292969,56.20353698730469,71.92999267578125
img_00159.png,2,320.79052734375,400.46661376953125,34.633056640625,32.7908935546875
img_00179.png,0,555.766357421875,393.26885986328125,105.043701171875,152.5528564453125
img_00179.png,0,517.7010498046875,41.10565948486328,34.989227294921875,39.13993835449219
img_00179.png,0,492.84967041015625,121.32503509521484,29.74176025390625,33.97648620605469
img_00055.png,0,70.24992370605469,258.7219543457031,104.385009765625,126.42333984375
img_00055.png,2,309.845703125,109.0413589477539,119.0032958984375,117.54441833496094
img_00055.png,0,498.1087646484375,253.74586486816406,141.3638916015625,179.38339233398438
img_00055.png,2,103.71871948242188,109.50956726074219,153.52923583984375,148.82302856445312
img_00055.png,2,288.672119140625,344.613525390625,87.423583984375,83.8970947265625
img_00055.png,0,84.95612335205078,399.9623718261719,48.4261474609375,60.51263427734375
img_00055.png,0,522.1875610351562,106.300048828125,37.070068359375,39.5460205078125
img_00199.png,1,445.1680603027344,168.3194580078125,123.52362060546875,119.08856201171875
img_00199.png,1,505.33251953125,302.0941467285156,129.0069580078125,99.26666259765625
img_00199.png,2,172.355224609375,371.7274169921875,186.35272216796875,172.40869140625
img_00199.png,2,205.05645751953125,175.6349639892578,39.7318115234375,41.33294677734375
img_00199.png,3,385.19610595703125,396.311767578125,73.2716064453125,97.7864990234375
img_00199.png,3,533.5223388671875,437.857421875,50.015625,46.7298583984375
img_00044.png,3,564.7080078125,399.24932861328125,99.21826171875,129.27685546875
img_00044.png,3,494.2159423828125,75.41563415527344,92.2359619140625,113.74319458007812
img_00044.png,2,549.23388671875,228.28077697753906,130.01025390625,138.36209106445312
img_00044.png,0,244.6457061767578,256.9708251953125,110.73989868164062,107.65232849121094
img_00044.png,0,238.36825561523438,437.66082763671875,28.63909912109375,33.7784423828125
img_00192.png,3,282.63262939453125,285.82391357421875,139.20396423339844,145.3946533203125
img_00192.png,3,369.67755126953125,104.72944641113281,86.05706787109375,85.2318115234375
img_00192.png,2,526.8819580078125,93.29056549072266,172.39474487304688,159.13389587402344
img_00192.png,3,440.4397888183594,311.95904541015625,65.3682861328125,64.2867431640625
img_00192.png,1,183.53799438476562,419.85186767578125,72.38427734375,78.1722412109375
img_00188.png,2,127.64254760742188,385.29510498046875,128.99337768554688,139.2791748046875
img_00188.png,3,426.07574462890625,47.75189971923828,48.174072265625,54.27705383300781
img_00188.png,3,161.65235900878906,217.3023223876953,160.33969116210938,150.65188598632812
img_00188.png,3,161.591064453125,150.20108032226562,164.23468017578125,284.91082763671875
img_00188.png,2,428.51617431640625,288.000244140625,330.81494140625,330.1536865234375
img_00129.png,1,547.2735595703125,142.2460479736328,129.514404296875,141.42044067382812
img_00129.png,3,185.93101501464844,362.910888671875,126.64028930664062,151.3924560546875
img_00129.png,1,444.9444580078125,342.607421875,85.42181396484375,82.245849609375
img_00129.png,1,194.236328125,138.88063049316406,206.174072265625,212.33453369140625
img_00129.png,1,555.8863525390625,380.2901306152344,58.34912109375,64.06573486328125
img_00129.png,1,326.38079833984375,399.21044921875,61.194091796875,62.361328125
img_00019.png,1,129.43630981445312,395.39617919921875,130.14288330078125,105.34228515625
img_00019.png,1,365.8224182128906,249.4638671875,188.25933837890625,201.71875
img_00019.png,3,113.23420715332031,129.5271759033203,174.67568969726562,152.79620361328125
img_00019.png,3,64.05669403076172,285.4591369628906,40.25270080566406,49.19970703125
img_00019.png,1,521.144775390625,40.606781005859375,51.7841796875,57.73335266113281
img_00019.png,1,561.53271484375,189.84298706054688,51.280029296875,51.967620849609375
img_00052.png,3,358.50579833984375,82.85822296142578,94.80078125,113.91468811035156
img_00052.png,2,210.7179718017578,150.70626831054688,145.57888793945312,158.61026000976562
img_00052.png,2,511.6349182128906,411.795654296875,141.27838134765625,131.9693603515625
img_00052.png,2,80.14710998535156,384.9314270019531,154.99545288085938,143.49591064453125
img_00052.png,2,324.2408752441406,356.87091064453125,109.79083251953125,138.5885009765625
img_00052.png,2,578.139404296875,247.62350463867188,85.177490234375,95.2679443359375
img_00052.png,2,480.37091064453125,122.84674072265625,26.03582763671875,24.7547607421875
img_00052.png,0,368.73541259765625,217.13900756835938,33.3919677734375,33.427490234375
img_00052.png,2,83.48501586914062,165.81045532226562,32.82208251953125,31.310302734375
img_00151.png,3,581.0565185546875,249.64263916015625,51.7340087890625,47.82183837890625
img_00151.png,0,566.4995727539062,162.0118408203125,28.591796875,35.64691162109375
img_00151.png,0,582.1612548828125,65.21233367919922,28.842529296875,37.162445068359375
img_00151.png,0,594.254150390625,343.3240966796875,31.434814453125,32.702880859375
img_00151.png,1,300.00372314453125,252.63368225097656,333.87353515625,328.4673156738281
img_00040.png,3,342.3149108886719,369.21002197265625,102.46417236328125,121.72003173828125
img_00040.png,3,217.44692993164062,53.29531478881836,56.0926513671875,51.919029235839844
img_00040.png,3,506.88134765625,393.797607421875,144.02099609375,124.6998291015625
img_00040.png,3,147.22727966308594,267.622802734375,168.45443725585938,161.57765197753906
img_00040.png,3,502.73638916015625,190.27215576171875,87.252685546875,92.17041015625
img_00040.png,2,333.7403564453125,185.77493286132812,116.356689453125,146.80230712890625
img_00085.png,2,569.9486083984375,397.3636779785156,118.54397583007812,116.68878173828125
img_00085.png,1,425.328369140625,423.92352294921875,55.07080078125,57.0570068359375
img_00085.png,1,246.45208740234375,414.7364196777344,56.8494873046875,57.68280029296875
img_00085.png,2,554.259033203125,129.26071166992188,28.5830078125,26.95379638671875
img_00085.png,1,297.5751953125,176.1002960205078,311.20556640625,264.1852722167969
img_00144.png,2,163.5726318359375,118.32186889648438,148.8416748046875,155.86376953125
img_00144.png,0,478.4503173828125,232.70407104492188,250.4844970703125,255.51263427734375
img_00144.png,0,135.49990844726562,321.0224914550781,115.11721801757812,117.39642333984375
img_00144.png,2,271.84033203125,352.8061828613281,96.3094482421875,104.91510009765625
img_00144.png,2,434.682373046875,55.6336669921875,31.6854248046875,29.359375
img_00144.png,2,309.6772155761719,44.32270050048828,25.4765625,24.10382080078125
img_00144.png,2,511.7669677734375,423.74932861328125,33.72802734375,31.965576171875
img_00144.png,0,126.3989028930664,436.48309326171875,31.537979125976562,35.8614501953125
img_00047.png,0,580.0524291992188,70.56631469726562,99.639404296875,129.89877319335938
img_00047.png,3,50.61802291870117,429.58477783203125,53.89246368408203,57.0706787109375
img_00047.png,1,411.41302490234375,49.18891143798828,78.08349609375,79.52621459960938
img_00047.png,3,270.6790466308594,101.71267700195312,128.5604248046875,128.05560302734375
img_00047.png,0,87.36233520507812,256.0670471191406,128.22344970703125,188.67474365234375
img_00047.png,1,562.293212890625,208.8074951171875,126.14376831054688,116.43524169921875
img_00047.png,0,317.51531982421875,319.07342529296875,86.1610107421875,106.911865234375
img_00047.png,1,542.0626220703125,318.2364501953125,57.536376953125,59.16265869140625
img_00047.png,0,154.21463012695312,94.84841918945312,31.821624755859375,40.8377685546875
img_00018.png,3,545.6927490234375,261.49261474609375,78.21676635742188,105.14947509765625
img_00018.png,3,583.18310546875,107.88357543945312,64.3717041015625,85.26162719726562
img_00018.png,3,547.3133544921875,382.12109375,41.047607421875,51.4805908203125
img_00111.png,3,548.9909057617188,187.10723876953125,132.698974609375,158.961669921875
img_00111.png,1,261.2649841308594,113.63099670410156,133.6224365234375,96.45913696289062
img_00111.png,1,465.3367614746094,382.4179382324219,219.24310302734375,145.94952392578125
img_00111.png,1,196.05868530273438,336.2275085449219,184.160888671875,149.62628173828125
img_00111.png,0,58.24103927612305,93.49539184570312,37.506080627441406,47.460662841796875
img_00016.png,0,110.97537994384766,402.34844970703125,136.50889587402344,138.12420654296875
img_00016.png,2,492.9423828125,218.01065063476562,61.9791259765625,56.21356201171875
img_00016.png,1,303.471923828125,46.99447250366211,63.1119384765625,70.61827850341797
img_00016.png,0,238.6114044189453,217.0615997314453,72.90792846679688,92.07186889648438
img_00016.png,2,505.0301513671875,411.1392822265625,47.2724609375,45.2647705078125
img_00020.png,1,61.69456481933594,124.68162536621094,80.43740844726562,82.33352661132812
img_00020.png,3,124.12873840332031,382.7945861816406,43.86529541015625,43.400390625
img_00020.png,1,491.9600830078125,424.9132080078125,58.5640869140625,62.580078125
img_00020.png,2,290.344482421875,406.04913330078125,39.68438720703125,36.313720703125
img_00020.png,1,376.95489501953125,176.136474609375,308.0010986328125,274.10784912109375
img_00097.png,1,516.3597412109375,43.88508987426758,123.29421997070312,86.62531280517578
img_00097.png,1,383.8773193359375,47.408538818359375,55.1917724609375,58.4171142578125
img_00097.png,0,464.50860595703125,284.1474609375,205.03955078125,298.4534912109375
img_00097.png,2,176.57223510742188,257.2806091308594,259.85382080078125,324.8870849609375
img_00005.png,2,110.03390502929688,163.19863891601562,165.11404418945312,147.76763916015625
img_00005.png,1,68.634765625,388.5125732421875,67.07077026367188,64.8026123046875
img_00005.png,1,300.91387939453125,413.0805969238281,65.9962158203125,74.0478515625
img_00005.png,1,445.02557373046875,178.986083984375,254.38916015625,261.27978515625
img_00005.png,1,224.67593383789062,313.7457580566406,60.52471923828125,61.740478515625
img_00005.png,0,426.5823669433594,421.47998046875,46.57281494140625,50.5118408203125
img_00005.png,0,190.56785583496094,417.25439453125,40.3883056640625,43.392333984375
img_00142.png,3,523.1488647460938,107.8758544921875,118.453857421875,143.3416748046875
img_00142.png,1,196.89413452148438,97.75535583496094,146.30169677734375,141.15988159179688
img_00142.png,3,345.1209716796875,117.4085464477539,70.914794921875,68.55180358886719
img_00142.png,2,325.67694091796875,320.4446716308594,191.73931884765625,200.6190185546875
img_00142.png,3,138.29959106445312,388.90692138671875,66.64220428466797,86.71905517578125
img_00142.png,1,62.81321716308594,261.64581298828125,49.69818115234375,52.35015869140625
img_00142.png,2,54.708526611328125,95.34915161132812,24.724594116210938,23.446563720703125
img_00142.png,2,602.29150390625,401.04107666015625,27.060791015625,25.1407470703125
img_00142.png,2,521.253662109375,360.57550048828125,30.2398681640625,28.79296875
img_00156.png,1,571.2398681640625,284.6029357910156,116.52001953125,86.6099853515625
img_00156.png,1,543.0410766601562,154.789794921875,84.6341552734375,88.87848663330078
img_00156.png,1,62.368194580078125,157.98800659179688,74.24578857421875,79.62641143798828
img_00156.png,3,304.9459228515625,64.4712142944336,131.68707275390625,126.48503112792969
img_00156.png,1,39.110713958740234,64.59834289550781,54.011634826660156,55.617794036865234
img_00156.png,3,47.27394485473633,301.1716613769531,45.99964141845703,45.49090576171875
img_00156.png,1,282.56134033203125,285.43231201171875,309.357666015625,297.1334228515625
img_00135.png,0,466.2375183105469,266.6383361816406,215.17547607421875,205.438232421875
img_00135.png,3,460.66168212890625,74.04534149169922,60.39501953125,58.22874450683594
img_00135.png,3,143.0692138671875,247.6006622314453,261.800048828125,257.4013977050781
img_00135.png,0,65.38754272460938,430.01348876953125,40.80206298828125,42.4141845703125
img_00135.png,0,335.37371826171875,76.48394775390625,35.79327392578125,45.94784164428711
img_00164.png,1,282.82635498046875,102.48297119140625,161.0618896484375,157.42559814453125
img_00164.png,1,516.5682373046875,69.78156280517578,164.44967651367188,116.27577209472656
img_00164.png,1,133.90565490722656,341.55218505859375,193.26669311523438,190.50054931640625
img_00164.png,1,63.700225830078125,75.30377197265625,57.007293701171875,57.128238677978516
img_00164.png,1,431.0868225097656,336.6255187988281,317.78057861328125,232.27752685546875
img_00164.png,1,466.58544921875,343.6415710449219,233.529052734375,215.61883544921875
img_00004.png,3,269.4112548828125,126.20919799804688,89.98561096191406,124.42117309570312
img_00004.png,3,95.83027648925781,77.07833862304688,139.52639770507812,117.66232299804688
img_00004.png,0,448.47723388671875,160.0372314453125,93.48388671875,137.24151611328125
img_00004.png,0,223.4490203857422,327.33514404296875,93.51040649414062,104.4515380859375
img_00004.png,0,463.701904296875,290.2829895019531,44.984619140625,59.79193115234375
img_00054.png,3,265.0334777832031,394.0181579589844,136.30596923828125,141.520263671875
img_00054.png,3,568.9224853515625,371.8207702636719,70.950927734375,69.51361083984375
img_00054.png,0,519.123046875,185.76358032226562,143.5313720703125,207.94671630859375
img_00054.png,0,437.95465087890625,400.66741943359375,108.11639404296875,125.8707275390625
img_00054.png,3,69.46165466308594,390.9969482421875,70.86346435546875,96.3779296875
img_00054.png,0,174.66729736328125,175.435546875,210.10491943359375,243.58538818359375
img_00056.png,1,552.5673828125,107.52969360351562,124.5047607421875,127.18572998046875
img_00056.png,2,553.607177734375,382.42388916015625,125.99172973632812,115.7684326171875
img_00140.png,1,67.09156799316406,106.39289855957031,127.29544067382812,116.29641723632812
img_00140.png,0,562.06982421875,354.8876037597656,95.37158203125,138.417236328125
img_00140.png,1,72.08013153076172,361.374755859375,135.0755157470703,101.640380859375
img_00140.png,2,330.1018981933594,201.00607299804688,284.41680908203125,325.00604248046875
img_00075.png,1,140.72486877441406,380.5704345703125,146.23129272460938,134.97509765625
img_00075.png,0,560.9627685546875,277.35791015625,120.907470703125,159.18077087402344
img_00075.png,1,395.3302001953125,356.8807373046875,161.8953857421875,114.9227294921875
img_00075.png,1,579.5376586914062,63.57758331298828,65.5352783203125,72.38536071777344
img_00075.png,0,241.08154296875,183.56967163085938,183.81524658203125,180.21246337890625
img_00075.png,1,399.08831787109375,178.89419555664062,66.4442138671875,70.24609375
img_00075.png,1,260.9877624511719,364.13385009765625,58.83294677734375,65.41259765625
img_00075.png,0,463.541748046875,68.9218978881836,33.0467529296875,36.08013916015625
img_00092.png,3,75.19341278076172,339.59991455078125,79.50877380371094,86.587158203125
img_00092.png,2,241.19549560546875,412.67657470703125,139.05621337890625,125.2529296875
img_00092.png,2,311.945068359375,200.54034423828125,164.06324768066406,199.39129638671875
img_00092.png,2,516.6406860351562,319.08380126953125,150.5684814453125,151.619140625
img_00092.png,2,535.4414672851562,107.81322479248047,40.4503173828125,37.67549133300781
img_00092.png,2,65.80848693847656,218.1915283203125,31.581344604492188,29.5828857421875
img_00092.png,3,379.1217346191406,397.12908935546875,51.25836181640625,57.3330078125
img_00092.png,2,112.6614990234375,92.29288482666016,26.664398193359375,27.7630615234375
img_00175.png,0,193.49966430664062,222.69894409179688,67.6561279296875,82.6685791015625
img_00175.png,0,463.5546875,222.76612854003906,88.1083984375,106.02487182617188
img_00175.png,1,428.71282958984375,50.283782958984375,57.8565673828125,57.83489990234375
img_00175.png,0,46.59619140625,404.1896667480469,31.109922409057617,32.83905029296875
img_00175.png,0,301.5992431640625,378.92926025390625,28.71044921875,26.5201416015625
img_00091.png,1,520.6854248046875,230.2954864501953,196.11203002929688,129.27566528320312
img_00091.png,1,271.34906005859375,211.41372680664062,87.82147216796875,96.36236572265625
img_00091.png,1,76.47445678710938,241.6605682373047,73.88031005859375,76.26394653320312
img_00091.png,1,56.732879638671875,57.98033905029297,74.69815063476562,79.90895080566406
img_00091.png,0,457.3297119140625,379.6761169433594,55.873291015625,53.14202880859375
img_00091.png,1,37.915626525878906,443.1073913574219,49.959808349609375,55.5645751953125
img_00091.png,0,279.35467529296875,366.3284912109375,57.73155212402344,70.8433837890625
img_00091.png,2,457.4051513671875,379.4439697265625,56.143798828125,52.935302734375
img_00074.png,3,542.083984375,89.6424560546875,152.5263671875,142.072021484375
img_00074.png,2,337.40008544921875,98.00979614257812,159.72003173828125,147.64813232421875
img_00074.png,2,174.2860107421875,365.77752685546875,153.66168212890625,158.70379638671875
img_00074.png,2,538.8939819335938,236.99545288085938,121.169189453125,124.15057373046875
img_00074.png,3,547.0296630859375,384.4796142578125,91.54251098632812,112.254150390625
img_00074.png,3,413.9427490234375,362.6810302734375,73.7169189453125,97.447021484375
img_00074.png,2,120.34716033935547,105.70954132080078,89.95451354980469,107.63664245605469
img_00074.png,2,312.8781433105469,415.8067626953125,23.88006591796875,22.6956787109375
img_00090.png,2,560.94482421875,242.97509765625,127.8662109375,129.85504150390625
img_00090.png,1,587.8678588867188,375.1958923339844,61.9305419921875,59.98345947265625
img_00090.png,2,283.44189453125,231.86996459960938,390.439208984375,382.66839599609375
img_00036.png,3,567.3289794921875,46.82190704345703,53.9365234375,55.23899841308594
img_00036.png,2,151.107666015625,240.0065460205078,37.781005859375,37.082427978515625
img_00036.png,0,54.309059143066406,43.386627197265625,27.542861938476562,35.201759338378906
img_00036.png,2,413.5557861328125,52.87504959106445,27.6016845703125,27.06305694580078
img_00036.png,0,366.1740417480469,306.3912048339844,211.13531494140625,309.72222900390625
img_00038.png,2,571.3333129882812,186.04583740234375,112.213134765625,120.76428985595703
img_00038.png,0,47.67719268798828,358.7778015136719,27.348419189453125,35.38165283203125
img_00038.png,0,42.6384391784668,40.56529235839844,26.195579528808594,33.52873229980469
img_00038.png,2,575.289794921875,353.6285400390625,38.882080078125,37.56298828125
img_00038.png,0,575.6378784179688,353.53173828125,38.58740234375,37.402099609375
img_00038.png,2,297.67279052734375,241.93814086914062,355.406494140625,381.80096435546875
img_00166.png,2,85.41482543945312,213.56886291503906,131.67526245117188,123.34585571289062
img_00166.png,1,258.777587890625,302.4328308105469,124.51084899902344,125.65301513671875
img_00166.png,2,470.7677307128906,251.0153045654297,197.05401611328125,182.99240112304688
img_00166.png,1,236.11160278320312,85.85324096679688,63.5992431640625,65.4937744140625
img_00166.png,2,132.52658081054688,330.59051513671875,28.84038543701172,27.7080078125
img_00132.png,1,158.40487670898438,391.59393310546875,124.01416778564453,103.6502685546875
img_00132.png,3,240.78224182128906,130.83761596679688,171.54818725585938,171.1400146484375
img_00132.png,0,56.71998977661133,176.48541259765625,87.76862335205078,125.979736328125
img_00132.png,3,494.7889099121094,233.27001953125,166.17852783203125,226.2584228515625
img_00132.png,0,279.166015625,300.6406555175781,27.005126953125,34.75811767578125
img_00172.png,2,221.13046264648438,310.1375427246094,121.82403564453125,128.9053955078125
img_00172.png,2,205.78439331054688,98.77104187011719,61.782684326171875,55.03282165527344
img_00172.png,2,445.0921630859375,235.0265655517578,261.6888427734375,260.7267761230469
img_00172.png,0,80.10082244873047,323.2706604003906,46.02734375,49.718505859375
img_00147.png,2,439.6461486816406,60.02447509765625,122.70355224609375,112.63764953613281
img_00147.png,1,117.62245178222656,343.27520751953125,171.18936157226562,187.20314025878906
img_00147.png,2,163.30416870117188,159.9483642578125,32.4197998046875,29.25787353515625
img_00147.png,2,459.0052490234375,294.15283203125,288.712890625,259.9486083984375
img_00185.png,3,110.931884765625,417.2326965332031,58.804595947265625,57.61151123046875
img_00185.png,3,82.07412719726562,318.2541809082031,50.98678207397461,48.24505615234375
img_00185.png,2,85.99017333984375,65.9351577758789,40.28021240234375,37.84715270996094
img_00185.png,2,62.79414749145508,178.81039428710938,33.455223083496094,33.38775634765625
img_00185.png,0,367.01239013671875,227.2083282470703,356.1490478515625,359.0231018066406
img_00029.png,2,197.34365844726562,341.8794250488281,181.463623046875,189.7833251953125
img_00029.png,0,392.2789306640625,118.38153839111328,72.9449462890625,92.80848693847656
img_00029.png,3,573.5297241210938,398.184814453125,74.56103515625,80.0634765625
img_00029.png,0,124.88471984863281,68.92237091064453,104.89321899414062,136.68406677246094
img_00029.png,2,407.15472412109375,400.20037841796875,42.2030029296875,41.46038818359375
img_00029.png,0,570.2453002929688,281.71112060546875,43.5916748046875,45.0872802734375
img_00170.png,3,135.96763610839844,309.46429443359375,126.03497314453125,136.953369140625
img_00170.png,3,81.4687728881836,130.50244140625,122.96345520019531,105.70795440673828
img_00170.png,3,259.18426513671875,414.62982177734375,40.1055908203125,46.2484130859375
img_00170.png,0,368.5135498046875,222.0203094482422,205.8482666015625,298.7800598144531
img_00170.png,0,556.2890625,414.2740173339844,30.6259765625,32.52716064453125
img_00045.png,1,62.486602783203125,139.93341064453125,80.06950378417969,79.6279296875
img_00045.png,1,577.5765991210938,385.81158447265625,50.31689453125,49.8604736328125
img_00045.png,3,316.5195617675781,214.596435546875,283.7384033203125,327.22637939453125
img_00169.png,0,131.7333984375,337.89813232421875,106.659912109375,132.3150634765625
img_00169.png,2,515.1995849609375,378.0588073730469,142.43093872070312,131.217041015625
img_00169.png,0,347.77587890625,360.7482604980469,57.0364990234375,59.9420166015625
img_00169.png,0,420.6382141113281,174.3522186279297,59.1351318359375,67.70669555664062
img_00169.png,0,550.4010620117188,87.08951568603516,45.3424072265625,57.28257751464844
img_00169.png,2,173.22837829589844,166.7997283935547,32.448760986328125,31.979827880859375
img_00169.png,2,232.10585021972656,407.49267578125,30.920562744140625,29.003662109375
img_00112.png,0,511.91607666015625,352.30706787109375,179.5205078125,228.98326110839844
img_00112.png,1,578.8875732421875,118.02775573730469,63.748291015625,67.08779907226562
img_00112.png,1,85.06349182128906,108.74989318847656,75.29852294921875,81.29489135742188
img_00112.png,0,119.98489379882812,287.3005065917969,67.75186157226562,71.2667236328125
img_00112.png,0,315.7232666015625,204.49267578125,46.0643310546875,59.53631591796875
img_00112.png,0,366.7154541015625,346.93035888671875,31.69232177734375,35.111328125
img_00024.png,0,324.77734375,272.9721984863281,127.0107421875,129.35760498046875
img_00024.png,3,408.5111389160156,116.14527893066406,108.59027099609375,128.49029541015625
img_00024.png,2,538.4518432617188,348.65283203125,156.5093994140625,161.81787109375
img_00024.png,3,43.06736755371094,390.93463134765625,50.252838134765625,53.900390625
img_00024.png,3,159.70082092285156,215.36862182617188,172.53997802734375,142.83709716796875
img_00087.png,0,237.5750732421875,280.5827941894531,164.4193115234375,186.62939453125
img_00087.png,2,486.97393798828125,108.94558715820312,169.4412841796875,181.337890625
img_00087.png,0,71.02371978759766,237.39907836914062,112.5625,118.92156982421875
img_00087.png,2,487.78839111328125,364.59625244140625,225.5467529296875,203.4644775390625
img_00087.png,2,134.05426025390625,77.71002197265625,44.66132354736328,44.38822937011719
img_00058.png,2,113.1007308959961,96.7408447265625,132.6853790283203,115.6893310546875
img_00058.png,0,327.815673828125,114.28681945800781,64.30828857421875,69.11911010742188
img_00058.png,0,491.8533935546875,314.92132568359375,73.7462158203125,93.3707275390625
img_00058.png,0,273.55267333984375,394.694580078125,45.95631408691406,51.8153076171875
img_00058.png,0,103.31507873535156,325.7230224609375,74.35064697265625,82.3553466796875
img_00137.png,2,511.44219970703125,121.85226440429688,119.9105224609375,128.49530029296875
img_00137.png,2,119.68376159667969,215.23443603515625,137.28836059570312,145.016845703125
img_00137.png,2,249.64889526367188,102.89921569824219,94.05963134765625,108.13623046875
img_00137.png,2,475.2011413574219,340.5616455078125,96.20843505859375,118.11529541015625
img_00137.png,0,272.07427978515625,324.16796875,68.84730529785156,74.4932861328125
img_00137.png,0,377.96160888671875,149.4854278564453,31.0701904296875,38.673248291015625
img_00106.png,2,84.38726043701172,326.7252197265625,135.7805938720703,129.0223388671875
img_00106.png,2,71.40931701660156,84.94940948486328,35.093109130859375,33.48048400878906
img_00106.png,2,398.82171630859375,197.75643920898438,398.0025634765625,391.75250244140625
img_00079.png,2,101.65198516845703,72.55899047851562,120.54130554199219,125.94580078125
img_00079.png,3,223.80844116210938,344.84588623046875,60.1104736328125,59.1976318359375
img_00079.png,3,407.5758056640625,200.93397521972656,172.076416015625,174.40682983398438
img_00079.png,2,104.14982604980469,360.62255859375,148.58010864257812,137.2000732421875
img_00079.png,2,446.9471435546875,418.79632568359375,44.9368896484375,43.228515625
img_00079.png,2,165.00994873046875,187.54498291015625,26.46710205078125,25.1412353515625
img_00017.png,1,107.42780303955078,173.7882843017578,160.6103973388672,127.10501098632812
img_00017.png,1,393.64971923828125,194.0216064453125,109.564697265625,109.4918212890625
img_00017.png,1,328.3158874511719,372.53167724609375,152.58624267578125,128.553955078125
img_00017.png,3,85.34645080566406,354.63970947265625,86.33758544921875,109.4163818359375
img_00017.png,3,556.6195068359375,177.0775604248047,105.2998046875,131.06512451171875
img_00017.png,3,543.7962036132812,317.72882080078125,46.6422119140625,46.44830322265625
img_00011.png,1,377.7514343261719,263.640380859375,314.52435302734375,302.142822265625
img_00186.png,1,539.05322265625,407.38189697265625,106.58792114257812,111.42724609375
img_00186.png,0,136.17373657226562,98.20791625976562,130.417236328125,151.02215576171875
img_00186.png,1,382.7605895996094,160.9359588623047,271.07073974609375,270.4260559082031
img_00186.png,2,105.36785888671875,269.21722412109375,168.2781982421875,151.98216247558594
img_00186.png,1,258.23443603515625,392.8733825683594,66.03431701660156,74.33148193359375
img_00186.png,2,67.87535095214844,429.7392883300781,36.05105209350586,34.06475830078125
img_00186.png,0,372.17950439453125,425.6597900390625,24.7686767578125,24.70849609375
img_00186.png,2,372.12542724609375,425.7516784667969,24.6864013671875,24.807861328125
img_00133.png,1,593.4019775390625,40.98729705810547,73.697509765625,74.295166015625
img_00133.png,1,104.95893859863281,145.9631805419922,133.60693359375,109.29330444335938
img_00133.png,1,556.244140625,398.1500244140625,118.3056640625,87.1495361328125
img_00133.png,1,102.82798767089844,314.4656066894531,123.7952880859375,88.72900390625
img_00133.png,3,337.56304931640625,239.2846221923828,262.279052734375,224.00912475585938
img_00133.png,3,562.13818359375,267.7945251464844,70.78955078125,89.384033203125
img_00127.png,2,542.2464599609375,108.0977783203125,158.68310546875,169.03378295898438
img_00127.png,0,546.1649169921875,287.68756103515625,126.26785278320312,128.363525390625
img_00127.png,0,540.72265625,428.0060119628906,34.99755859375,37.29833984375
img_00127.png,0,282.15692138671875,232.89581298828125,345.2706298828125,363.6708984375
img_00083.png,2,88.16629791259766,84.74673461914062,120.00535583496094,121.533203125
img_00083.png,0,78.35978698730469,322.75616455078125,123.78118896484375,125.598388671875
img_00083.png,1,357.6710510253906,59.276710510253906,140.6578369140625,92.35397338867188
img_00083.png,1,216.01251220703125,54.60888671875,119.2283935546875,77.82687377929688
img_00083.png,1,321.6549987792969,266.8836669921875,299.44232177734375,218.40435791015625
img_00083.png,2,558.2852783203125,113.77682495117188,88.14306640625,108.613525390625
img_00083.png,2,580.06201171875,278.1012268066406,89.32373046875,109.869873046875
img_00083.png,2,87.57394409179688,201.43006896972656,26.698028564453125,25.93719482421875
img_00003.png,1,176.78314208984375,217.61941528320312,248.71539306640625,187.122314453125
img_00003.png,1,416.71844482421875,52.7130241394043,113.83709716796875,82.22208404541016
img_00003.png,1,168.1659698486328,418.39068603515625,152.79647827148438,106.69488525390625
img_00003.png,1,487.37298583984375,261.2198181152344,287.3017578125,260.79278564453125
img_00003.png,2,85.74065399169922,39.80243682861328,27.211257934570312,26.374555587768555
img_00102.png,2,338.25592041015625,356.7224426269531,134.4503173828125,125.91064453125
img_00102.png,0,111.38786315917969,102.20048522949219,151.21823120117188,152.96258544921875
img_00102.png,0,521.45166015625,382.3866882324219,134.70095825195312,148.04595947265625
img_00102.png,0,537.8773803710938,187.010498046875,109.1339111328125,150.74481201171875
img_00102.png,0,172.63742065429688,304.1492614746094,50.7144775390625,64.5836181640625
img_00102.png,2,330.8958740234375,186.022216796875,26.4730224609375,25.36260986328125
img_00194.png,2,246.4232940673828,199.99929809570312,127.52963256835938,115.7684326171875
img_00194.png,0,547.985595703125,183.12013244628906,101.402099609375,118.4078369140625
img_00194.png,0,280.7064208984375,352.7252197265625,130.49855041503906,133.4727783203125
img_00194.png,0,100.46134948730469,119.35960388183594,98.36538696289062,140.48941040039062
img_00194.png,0,477.193603515625,368.81494140625,70.4344482421875,73.84326171875
img_00194.png,2,92.97183227539062,306.89111328125,117.6573486328125,122.24671936035156
img_00194.png,0,399.79925537109375,63.6414680480957,37.2332763671875,44.52222442626953
img_00060.png,2,133.99267578125,369.8138427734375,123.049560546875,114.7255859375
img_00060.png,1,102.81986999511719,233.56411743164062,141.44143676757812,104.11572265625
img_00060.png,1,109.6324691772461,63.46226119995117,134.37257385253906,125.59281158447266
img_00060.png,2,593.9480590820312,108.82715606689453,31.068115234375,27.933456420898438
img_00060.png,3,401.780029296875,253.93051147460938,236.81201171875,323.02203369140625
img_00078.png,3,587.485107421875,201.74310302734375,48.8355712890625,47.5823974609375
img_00078.png,3,560.1602172851562,102.74264526367188,53.9075927734375,49.70660400390625
img_00078.png,0,577.702392578125,378.090576171875,34.440673828125,43.7301025390625
img_00078.png,0,573.2284545898438,292.181396484375,26.56005859375,34.4029541015625
img_00078.png,1,289.6581115722656,263.1211853027344,315.10626220703125,293.62750244140625
img_00059.png,3,291.2911376953125,192.1310577392578,130.658447265625,148.16036987304688
img_00059.png,3,272.1395263671875,400.82403564453125,120.26039123535156,106.375732421875
img_00059.png,3,95.96690368652344,204.56309509277344,143.09942626953125,183.57595825195312
img_00059.png,2,420.5426330566406,419.92486572265625,44.15069580078125,42.0599365234375
img_00059.png,2,583.653564453125,349.37652587890625,35.10107421875,32.87554931640625
img_00059.png,2,465.39837646484375,69.50153350830078,26.58203125,26.10894775390625
img_00059.png,2,564.923828125,201.96041870117188,29.942626953125,30.1912841796875
img_00059.png,2,456.44677734375,299.9410705566406,28.0745849609375,27.0438232421875
img_00059.png,2,157.13153076171875,366.68267822265625,29.00732421875,29.71697998046875
img_00008.png,1,563.5982666015625,331.44073486328125,128.1376953125,103.34051513671875
img_00008.png,3,539.8142700195312,150.1141815185547,142.0648193359375,169.56124877929688
img_00008.png,3,327.7230224609375,330.80511474609375,207.04905700683594,250.11903381347656
img_00008.png,1,406.86285400390625,111.61407470703125,59.82958984375,67.1929931640625
img_00008.png,3,115.04815673828125,88.68733215332031,94.71630859375,77.68998718261719
img_00001.png,3,383.4398193359375,65.0540771484375,125.117431640625,121.39425659179688
img_00001.png,1,161.79769897460938,78.9156494140625,61.19439697265625,67.97640991210938
img_00001.png,1,600.15625,117.75625610351562,50.313232421875,55.45623779296875
img_00001.png,1,242.87429809570312,300.96630859375,298.86480712890625,298.4932861328125
img_00001.png,1,363.3994140625,287.9964599609375,344.4482421875,304.853759765625
img_00073.png,1,303.47296142578125,399.8541564941406,145.69776916503906,137.69879150390625
img_00073.png,1,273.18939208984375,111.96360778808594,238.67420959472656,154.81475830078125
img_00073.png,1,551.8519287109375,219.2239990234375,90.33761596679688,95.2420654296875
img_00073.png,1,467.6139831542969,427.26605224609375,57.23675537109375,55.2762451171875
img_00073.png,2,220.42022705078125,257.753173828125,35.679931640625,33.03416442871094
img_00043.png,1,367.6526184082031,271.67303466796875,111.87994384765625,115.30535888671875
img_00043.png,0,558.1351928710938,269.7674560546875,145.9600830078125,146.79771423339844
img_00043.png,3,475.6390380859375,114.58272552490234,96.8411865234375,132.29261779785156
img_00043.png,3,181.64962768554688,289.5098571777344,183.63800048828125,215.98626708984375
img_00043.png,3,347.7158203125,68.7135009765625,64.99713134765625,63.722225189208984
img_00043.png,1,466.90850830078125,404.41363525390625,70.95220947265625,69.475341796875
img_00043.png,1,207.63134765625,98.6873779296875,50.678466796875,56.03031921386719
img_00043.png,0,107.62217712402344,79.66011047363281,29.699676513671875,30.542327880859375
img_00178.png,3,423.6113586425781,249.68170166015625,98.95538330078125,120.3385009765625
img_00178.png,1,104.95594787597656,320.865234375,140.06134033203125,138.4322509765625
img_00178.png,2,100.11143493652344,134.9114990234375,120.08773803710938,121.45361328125
img_00178.png,1,589.4620361328125,105.57817077636719,68.472412109375,72.26181030273438
img_00178.png,3,255.80165100097656,164.6054229736328,89.43728637695312,123.04550170898438
img_00178.png,1,593.8963623046875,345.3318176269531,57.086669921875,55.901611328125
img_00178.png,3,280.49853515625,326.888427734375,44.10107421875,43.9906005859375
img_00124.png,1,465.1796875,410.5166320800781,154.170166015625,105.14544677734375
img_00124.png,2,145.6152801513672,239.29791259765625,179.70407104492188,181.30859375
img_00124.png,2,355.23321533203125,182.41490173339844,141.764892578125,128.45208740234375
img_00124.png,2,517.0803833007812,231.56301879882812,53.8658447265625,49.821044921875
img_00124.png,0,220.27685546875,401.1920166015625,48.48388671875,46.45928955078125
img_00124.png,0,52.6527099609375,435.1593017578125,37.88591003417969,39.1201171875
img_00145.png,1,267.3714294433594,213.67784118652344,210.906494140625,201.15457153320312
img_00145.png,1,496.2129211425781,111.16292572021484,84.71429443359375,84.99894714355469
img_00145.png,3,65.7159194946289,137.810791015625,77.12142944335938,74.34174346923828
img_00145.png,3,493.6190185546875,280.3165283203125,92.74365234375,120.76979064941406
img_00145.png,2,292.74951171875,54.787139892578125,32.15185546875,31.082000732421875
img_00030.png,3,523.8739013671875,382.3748779296875,148.72872924804688,126.682373046875
img_00030.png,2,283.0986328125,237.67703247070312,250.82041931152344,228.81005859375
img_00030.png,3,76.53820037841797,280.4761962890625,83.77919006347656,108.43585205078125
img_00030.png,3,515.3150024414062,108.96870422363281,83.3057861328125,69.04861450195312
img_00030.png,2,309.64581298828125,416.05120849609375,21.67181396484375,22.380859375
img_00030.png,2,509.54656982421875,239.72543334960938,22.1575927734375,21.5430908203125
img_00095.png,0,571.9284057617188,325.0069274902344,111.7952880859375,121.86004638671875
img_00095.png,2,570.5343017578125,87.7343521118164,24.88427734375,23.528900146484375
img_00095.png,0,603.6597900390625,200.62149047851562,30.63037109375,33.59051513671875
img_00095.png,3,318.83453369140625,291.30023193359375,321.4461669921875,321.932861328125
img_00138.png,2,85.0411605834961,115.05351257324219,132.86378479003906,138.31039428710938
img_00138.png,3,97.68312072753906,299.23150634765625,134.2276611328125,123.60169982910156
img_00138.png,2,86.24486541748047,435.630859375,25.546401977539062,23.8515625
img_00138.png,2,395.7363586425781,245.10926818847656,349.26959228515625,365.5776062011719
img_00173.png,3,445.9178161621094,359.64251708984375,160.24407958984375,153.4205322265625
img_00173.png,3,546.0152587890625,185.68231201171875,154.95773315429688,130.51763916015625
img_00173.png,2,276.870849609375,389.45196533203125,122.90870666503906,115.7928466796875
img_00173.png,3,383.556396484375,243.63308715820312,49.705322265625,48.45208740234375
img_00173.png,3,105.91929626464844,367.08416748046875,46.692535400390625,42.7159423828125
img_00173.png,2,166.85385131835938,178.5258331298828,257.90533447265625,257.5058898925781
img_00173.png,3,359.19952392578125,83.44131469726562,48.0009765625,43.534420013427734
img_00086.png,0,571.2620239257812,133.4987030029297,113.2767333984375,161.84814453125
img_00086.png,1,540.772216796875,345.01123046875,66.272705078125,66.797607421875
img_00086.png,0,394.99078369140625,46.5826416015625,26.395263671875,32.1641845703125
img_00086.png,1,286.2381591796875,259.8858947753906,295.4984130859375,265.34075927734375
img_00130.png,1,108.28007507324219,128.138671875,117.07626342773438,121.33527374267578
img_00130.png,1,522.4930419921875,358.39898681640625,166.10714721679688,124.6524658203125
img_00130.png,1,462.3192138671875,132.46791076660156,250.1513671875,189.00637817382812
img_00130.png,1,163.5916290283203,331.223876953125,211.84548950195312,207.081298828125
img_00130.png,1,342.3652648925781,340.7427978515625,56.97491455078125,57.9395751953125
img_00130.png,0,244.11859130859375,96.5516128540039,35.33892822265625,38.40882873535156
img_00070.png,1,222.7239990234375,95.47270965576172,158.3890380859375,129.90220642089844
img_00070.png,1,128.65956115722656,317.3869323730469,121.23287963867188,110.71881103515625
img_00070.png,0,543.4381103515625,179.75486755371094,158.92800903320312,163.02896118164062
img_00070.png,0,515.2706298828125,352.80303955078125,52.1494140625,67.668212890625
img_00196.png,2,565.2269897460938,102.15657043457031,127.5968017578125,131.68179321289062
img_00196.png,3,547.2042236328125,296.73333740234375,52.677490234375,56.626708984375
img_00196.png,2,568.5025634765625,412.9831848144531,36.72705078125,34.072509765625
img_00082.png,2,326.60394287109375,195.9275665283203,133.13330078125,135.37637329101562
img_00082.png,0,300.80426025390625,365.18646240234375,84.56494140625,122.8375244140625
img_00082.png,0,126.18196105957031,352.13983154296875,126.33563232421875,165.455078125
img_00082.png,0,138.8927001953125,135.52310180664062,64.85236358642578,73.51947784423828
img_00082.png,3,521.732421875,258.464111328125,155.52755737304688,186.2646484375
img_00082.png,0,575.2342529296875,53.06127166748047,33.18505859375,36.69654846191406
img_00099.png,1,557.5830078125,196.20111083984375,106.56979370117188,118.79571533203125
img_00099.png,3,51.715213775634766,287.111083984375,66.74077606201172,86.1776123046875
img_00099.png,3,61.923095703125,172.62332153320312,45.54168701171875,46.5836181640625
img_00099.png,1,540.3959350585938,333.5893249511719,62.59033203125,67.5904541015625
img_00099.png,1,114.8707504272461,410.43212890625,79.86146545410156,83.82220458984375
img_00099.png,0,321.51788330078125,242.90802001953125,234.34564208984375,279.4093017578125
img_00177.png,0,294.593505859375,357.0648193359375,234.97398376464844,235.68531799316406
img_00177.png,0,94.91546630859375,338.6756591796875,124.95773315429688,128.6805419921875
img_00177.png,3,63.39900207519531,98.25525665283203,101.55426025390625,123.61677551269531
img_00177.png,3,497.85736083984375,122.48738098144531,167.7613525390625,211.03060913085938
img_00177.png,0,577.3896484375,392.641357421875,47.468017578125,53.0157470703125
img_00177.png,0,241.8607635498047,170.63348388671875,32.850677490234375,42.5936279296875
img_00177.png,3,349.8516845703125,108.60665893554688,101.1260986328125,123.48263549804688
img_00110.png,3,93.36798095703125,58.85187530517578,68.09709167480469,63.3291015625
img_00110.png,3,230.90101623535156,246.52479553222656,153.86337280273438,181.45388793945312
img_00110.png,3,101.49983215332031,418.51739501953125,49.59053039550781,46.5584716796875
img_00110.png,0,66.84993743896484,249.8870849609375,42.19688415527344,48.16021728515625
img_00110.png,1,202.2294921875,410.13385009765625,50.363372802734375,55.872802734375
img_00110.png,3,487.1278991699219,239.93655395507812,231.18023681640625,305.07598876953125
img_00131.png,2,216.34413146972656,119.34423065185547,116.79043579101562,125.84382629394531
img_00131.png,2,360.9088134765625,342.171875,100.7908935546875,107.44189453125
img_00131.png,2,381.1865234375,136.44435119628906,124.4219970703125,134.87539672851562
img_00131.png,0,508.85028076171875,219.56846618652344,44.2750244140625,46.574798583984375
img_00131.png,2,161.86343383789062,286.86029052734375,37.242919921875,36.2821044921875
img_00131.png,2,69.82133483886719,76.75716400146484,31.253116607666016,28.127731323242188
img_00006.png,3,337.1162414550781,87.05889892578125,72.9107666015625,83.94937133789062
img_00006.png,3,168.38255310058594,335.088623046875,98.583251953125,123.3870849609375
img_00006.png,3,315.477294921875,412.947509765625,52.116943359375,52.0859375
img_00006.png,2,473.7216491699219,281.9963684082031,57.28033447265625,56.3487548828125
img_00006.png,3,172.43748474121094,170.8088836669922,118.35183715820312,147.69332885742188
img_00006.png,3,528.0138549804688,104.82405090332031,136.0933837890625,182.81900024414062
img_00006.png,3,49.09935760498047,177.28453063964844,81.84220886230469,106.86709594726562
